序号,名称,学校类别,电话,地址
1097,首钢矿业公司职工子弟学校,21完全中学,0315-7710094,河北省迁安市杨店子镇滨河村滨西小区
1098,北京市私立汇才中学,21完全中学,67261021,北京市西城区白云观街北里11号
1099,北京市平谷区夏各庄联办中学,23初级中学,60913164,北京市平谷区夏各庄镇夏各庄村北街1号
1100,北京市中桥外国语学校,22高级中学,63813945,北京市丰台区太平桥东里甲2号
1101,北京市艺考高级中学,22高级中学,82593068,北京市石景山区八大处杏石口甲2号
1102,北京市卫国中学,23初级中学,68181450,北京市海淀区复兴路21号
1103,北京市门头沟区工读学校,23初级中学,69804841,北京市门头沟区石龙北路13号
1104,北京市房山区四一学校,21完全中学,69357991,北京市房山区新镇街道办事处东平街
1105,北京市房山区青龙湖中学,23初级中学,60322908,北京市房山区青龙湖镇豆各庄村下三区68号
1106,北京市通州区于家务中学,33独立设置的少数民族初级中学,80531147,北京市通州区于家务回族乡于家务村
1107,北京市圣苑-美语实验学校,24一贯制学校,80497460,北京市顺义区后沙峪镇后沙峪村
1108,北京市昌平区二一学校,24一贯制学校,69760172,北京市昌平区阳坊镇防化研究院
1109,北京市第二O七中学,23初级中学,61239591-1108,北京市大兴区黄村镇芦城南口
1110,密云县巨各庄中学,21完全中学,61031401,北京市密云县巨各庄镇前焦家坞村
1111,延庆县刘斌堡中学,23初级中学,60181734,北京市延庆县刘斌堡乡刘斌堡村
2,北京市第八中学分校,23初级中学,63464129,北京市西城区复兴门外大街乙20号
3,北京市第七中学,21完全中学,62076509,北京市西城区安德路69号
4,北京市第八中学,21完全中学,59733533,北京市西城区学院小街2号
5,北京市第十三中学,21完全中学,83282970,北京市西城区柳荫街27号
6,北京市第三中学,21完全中学,66183974,北京市西城区富国街3号
7,北京市第四十一中学,21完全中学,66162353,北京市西城区西四北二条58号
8,北京市第三十一中学,21完全中学,66056317,北京市西城区西绒线胡同33号
9,北京市第四中学,21完全中学,66175061,北京市西城区西黄城根北街甲2号
11,北京市第一五六中学,21完全中学,66175408,北京市西城区太平仓胡同16号
12,北京市第二一四中学,21完全中学,68522558,北京市西城区月坛北街18号
13,北京市二龙路中学,21完全中学,66072961,北京市西城区大木仓胡同39号
14,北京市第五十六中学,21完全中学,68303485,北京市西城区文兴街3号
15,北京市第十三中学分校,23初级中学,64042406,北京市西城区西绦胡同59号
16,北京市第三十九中学,21完全中学,66172949,北京市西城区西黄城根北街6号
17,北京市裕中中学,23初级中学,62036242,北京市西城区德外裕中西里21号楼
18,北京市西城区实验学校,21完全中学,62014512,北京市西城区德外六铺炕一巷2号
19,北京师范大学附属实验中学,22高级中学,66526021,北京市西城区二龙路14号
22,北京市三帆中学,23初级中学,62018709,北京市西城区德胜新风街7号
24,北京市鲁迅中学,21完全中学,66035395,北京市西城区新文化街45号
25,北京师范大学第二附属中学,21完全中学,62354504,北京市西城区新街口外大街12号
26,北京市第四十四中学,21完全中学,68552688,北京市西城区三里河南横街1号
27,北京市第一五四中学,21完全中学,68320823,北京市西城区百万庄南街14号
28,北京市第三十五中学,21完全中学,66022895,北京市西城区小口袋胡同19号
29,北京市新光中学,22高级中学,66864490,北京市海淀区玉泉路7号
30,北京市铁路第二中学,21完全中学,68010973,北京市西城区月坛西街5号
31,北京市100中学,29其他学校附设中学班,83285711,北京市西城区地安门西大街57号
32,北京市月坛中学,21完全中学,68013932,北京市西城区南礼士路二条1号
37,北京市国子监中学,23初级中学,64041183,北京市东城区国子监街26号
38,北京市第一七七中学,21完全中学,84122418,北京市东城区安定门外青年湖南街23号
39,北京经济技术开发区实验学校,21完全中学,67895748,北京经济技术开发区天宝北街甲2号
40,北京市阳光情学校,22高级中学,67895748,北京经济技术开发区天宝北街甲2号
41,北京市第五中学分校,23初级中学,64002100,北京市东城区鼓楼东大街152号
42,北京市第一四二中学,21完全中学,64216781,北京市东城区和平里中街43号
43,北京宏志中学,29其他学校附设中学班,64216781,北京市东城区和平里中街43号
44,北京市第一中学,21完全中学,64043280,北京市东城区宝钞胡同甲12号
45,北京市第五中学,22高级中学,64068564,北京市东城区细管胡同13号
46,北京市第二十一中学,21完全中学,64043394,北京市东城区交道口北三条57号
47,北京市第五十五中学,21完全中学,64164252,北京市东城区新中街12号
48,中央工艺美术学院附属中学,21完全中学,64675611,北京市东城区东直门外小街甲27号
49,北京市第一二五中学,21完全中学,65246227,北京市东城区后沟胡同乙2号
50,北京市翔宇中学,21完全中学,84111886,北京市东城区东直门北大街甲2号
51,北京市第二中学分校,23初级中学,65279032,北京市东城区朝内南小街南竹杆胡同81号
52,北京市第二十二中学,21完全中学,64042225,北京市东城区交道口东大街77号
53,北京市第二十七中学,21完全中学,65255586,北京市东城区东华门大街智德前巷11号
54,北京市第二中学,22高级中学,65252231,北京市东城区内务部街15号
55,北京市第二十四中学,21完全中学,85111090,北京市东城区外交部街31号
56,北京市第二十五中学,21完全中学,65257525,北京市东城区灯市口大街55号
58,北京市第六十五中学,21完全中学,65251745,北京市东城区北河沿大街115号
59,北京市第一六六中学,21完全中学,65134839,北京市东城区同福夹道3号
60,北京景山学校,21完全中学,65252555,北京市东城区灯市口大街53号
61,北京市第一七一中学,21完全中学,64212702,北京市东城区和平里北街8号
62,北京市东直门中学,21完全中学,64014988,北京市东城区东直门内北顺城街2号
63,北京市第五中学分校（原北京市东城综合高中,21完全中学,64043985,北京市东城区地安门东大街127号
64,北京市外国语学校,22高级中学,65127162,北京市东城区报房胡同82号
65,北京市汇成学校,22高级中学,84515187,北京市东城区东直门北大街甲2号
67,北京市第一一四中学,23初级中学,67271674,北京市东城区永外街道西革新里114号
68,北京市文汇中学,23初级中学,87757385,北京市东城区广渠门外忠实里东区9号
69,北京市东城门中学,21完全中学,67182515,北京市东城区东花市北里西区5号
71,北京市第九十六中学,21完全中学,67014822,北京市东城区崇文门西小街3号
72,北京汇文中学,21完全中学,67117375,北京市东城区培新街6号
73,北京市龙潭中学,21完全中学,67147725,北京市东城区板厂南里3号
74,北京市第五十中学分校,21完全中学,87264492,北京市东城区永外安乐林路14号
75,北京市第五十中学,21完全中学,67121822,北京市东城区夕照寺大街13号
76,北京市广渠门中学,21完全中学,67126226,北京市东城区白桥大街甲1号
77,北京市第一零九中学,21完全中学,67121405,北京市东城区幸福大街43号
78,北京市第十一中学分校,23初级中学,67113857,北京市东城区天坛南里14号
80,北京市第十五中学,21完全中学,63520235,北京市西城区育新街2号
81,北京市第六十二中学,21完全中学,63530367,北京市西城区太平街西巷4号
82,北京教育学院西城分院附属中学,21完全中学,63522480,北京市西城区南樱桃园新安中里二巷10号
83,北京市育才学校,21完全中学,83102075,北京市西城区东经路21号
87,北京市第一四Ｏ中学,21完全中学,63522635-8029,北京市西城区大川淀胡同24号
88,北京市和平门中学,21完全中学,63030007,北京市西城区南新华街15号
89,北京市第四十三中学,21完全中学,63017407,北京市西城区后孙公园37号
90,北京市西城区外国语实验学校,21完全中学,63541483,北京市西城区南菜园街35号
91,徐悲鸿中学初中部,23初级中学,63086143,北京市西城区永安路寿长街1号
92,北京师范大学附属中学,21完全中学,63014680-210,北京市西城区南新华街18号
93,北京市北纬路中学,21完全中学,63030414,北京市西城区北纬路46号
96,北京市第六十三中学,21完全中学,63540870,北京市西城区白广路大街33号
97,北京市华夏女子中学,21完全中学,63261635,北京市西城区红莲中里12号
99,北京市定福庄中学,23初级中学,65761528,北京市朝阳区大黄庄西里1号
100,北京市酒仙桥第一中学,23初级中学,64371227-8003,北京市朝阳区酒仙桥南路甲7号
101,北京市大望路中学,23初级中学,67714563,北京市朝阳区西大望路下甸甲1号
103,北京市三里屯一中,21完全中学,64162264,北京市朝阳区北三里屯5号
106,北京市劲松第一中学,23初级中学,87773607,北京市朝阳区劲松一区125号楼
107,北京中医学院附属中学,21完全中学,64215242,北京市朝阳区和平街15区
108,北京市体育场路中学,23初级中学,65518147,北京市朝阳区工体南路1号
109,中国旅游学院附属中学,23初级中学,65565615,北京市朝阳区八里庄东里10号
110,北京市虎城中学,23初级中学,87373401,北京市朝阳区磨房北里230号
111,北京市陈经纶中学分校,23初级中学,64709377,北京市朝阳区望京南湖东园223号
112,北京市五路居第一中学,23初级中学,64420115-805,北京市朝阳区安贞西里一区13号楼
113,北京市和平街第一中学,21完全中学,84958233,北京市朝阳区和平街8区16楼
114,北京市劲松第四中学,21完全中学,67770358,北京市朝阳区华威西里48号楼
115,北京市民族学校,34独立设置的少数民族一贯制学校,65481748,北京市朝阳区常营民族家园12号
119,北京市陈经纶中学,21完全中学,85611621,北京市朝阳区朝外大街38号
120,北京市东方德才学校,21完全中学,85961302,北京市朝阳区水碓子北里9号楼
121,北京西藏中学,32独立设置的少数民族高级中学,84637732,北京市朝阳区北四环东路高原街1号
122,北京信息工程学院附属中学,21完全中学,64875352,北京市朝阳区德外南沙滩6号
123,北京世青国际学校,21完全中学,64617779,北京市朝阳区花家地北里18号楼
125,北京市东方培新学校,24一贯制学校,85952080,北京市朝阳区慈云寺甲1号
127,北京市楼梓庄中学,23初级中学,84311025,北京市朝阳区金盏乡楼梓庄村北后街2号
129,北京市第九十四中学,21完全中学,64790087,北京市朝阳区南湖中园315号
130,北京市樱花园实验学校,24一贯制学校,64418658,北京市朝阳区樱花园小区16号
133,首都师范大学附属实验学校,24一贯制学校,64745839,北京市朝阳区望京花园西区133号
135,清华大学附属中学朝阳学校,21完全中学,84482386,北京市朝阳区新源街31号
137,北京市第九十七中学,23初级中学,85520797,北京市朝阳区黄杉木店206号
140,北京市枣营中学,23初级中学,65917920,北京市朝阳区枣营南里1号
141,北京市日坛中学,21完全中学,65061128,北京市朝阳区建外光华西里4号
142,北京市金盏中学,24一贯制学校,84334489,北京市朝阳区金盏乡金盏大街1号
143,北京市八里庄第三中学,23初级中学,85836982,北京市朝阳区八里庄北里203楼
146,北京国际艺术与科学学校,21完全中学,59082601,北京市朝阳区麦子店正街53号
147,北京市同仁中学,23初级中学,85779952,北京市朝阳区甘露园南里一区10号楼
149,北京市垂杨柳中学,21完全中学,67303941,北京市朝阳区松榆里20号楼
155,北京市第七十一中学,23初级中学,67643226,北京市朝阳区小红门路5号
156,北京市草场地中学,23初级中学,64332863,北京市朝阳区崔各庄乡草场地村77号
157,北京市团结湖第三中学,21完全中学,85989509,北京市朝阳区水碓子东路14号
158,北京市安慧北里中学,23初级中学,64952374,北京市朝阳区安慧北里安园5号
160,北京市奶子房中学,23初级中学,84911296,北京市朝阳区崔各庄乡奶子方西村626号
161,北京市私立新亚中学,21完全中学,67473937,北京市朝阳区十八里店886号
162,北京市垡头中学,23初级中学,67367715,北京市朝阳区垡头西里3区2号楼
165,北京市第一一九中学,21完全中学,65681296,北京市朝阳区建外永安西里10号楼
166,北京市朝阳外国语学校,21完全中学,64931696,北京市朝阳区慧忠里232号楼
168,北京市双桥中学,23初级中学,85365502,北京市朝阳区双桥中路
169,北京市豆各庄中学,23初级中学,67368917,北京市朝阳区南豆各庄乡豆各庄村
170,北京市劲松第三中学,23初级中学,87715742,北京市朝阳区劲松四区406楼
171,北京市朝阳区爱迪外国语学校,21完全中学,84394590,北京市朝阳区楼梓庄路7号
173,北京市丰台区看丹中学,23初级中学,63737583,北京市丰台区看丹建新路19号
174,北京市第十中学,21完全中学,83884109,北京市丰台区长辛店镇南关东里1号楼
175,北京市丰台区南苑中学,23初级中学,67991601,北京市丰台区南苑西路1号
176,北京市丰台区丰台第一中学,21完全中学,63726654,北京市丰台区桥南新华街2号
177,北京市第十八中学,21完全中学,67696709,北京市丰台区方庄芳星园二区11号楼
178,北京市云岗中学,21完全中学,68740542,北京市丰台区云岗北区东里1号楼
179,北京市丰台第七中学,23初级中学,63738115,北京市丰台区新村四里三号楼
181,北京市丰台区长辛店第一中学,21完全中学,83878013,北京市丰台区长辛店桥西扶轮胡同45号
182,北京市首都师范大学附属丽泽中学,21完全中学,63825292,北京市丰台区北大街7号
183,北京市丰台区丰台路中学,23初级中学,63822494,北京市丰台区西四环中路103号
185,北京市丰台区东铁匠营第二中学,23初级中学,67283340,北京市丰台区石榴园北里4号楼
187,北京市芳星园中学,23初级中学,67684478,北京市丰台区方庄芳城园三区10号楼
189,北京市右安门外国语学校,23初级中学,63055692,北京市丰台区右安门外玉林东里三区19号楼
190,北京市丰台区黄土岗中学,23初级中学,83718602,北京市丰台区南四环西路16号
193,北京市丰台区卢沟桥中学,23初级中学,83219582,北京市丰台区晓月苑小区垂虹街2号
196,北京市明德中学,22高级中学,83062818,北京市丰台区马连道骆驼湾37号
199,北京市丰台第八中学,23初级中学,63841055,北京市丰台区北大地一里16号
201,北京市西罗园学校,24一贯制学校,67222633,北京市丰台区西罗园二区21号楼
203,北京市大成学校,21完全中学,68671697,北京市丰台区青塔小区C区
204,北京市丰台区实验学校,21完全中学,63833946,北京市丰台区程庄路90号
205,北京市丰台区和义学校,24一贯制学校,67983089,北京市丰台区南苑北里三区12号楼
206,北京市丰台区东铁匠营第一中学,21完全中学,67621765,北京市丰台区刘家窑东里7号
207,北京市丰台区王佐学校,24一贯制学校,83316351,北京市丰台区王佐镇西王佐村25号
208,北京市洋桥学校,24一贯制学校,67218657,北京市丰台区洋桥北里6号
209,北京新桥外国语学校,29其他学校附设中学班,63587607,北京市丰台区右安门外开阳里东巷24号
210,北京市丰台区丰台第二中学,21完全中学,63800782,北京市丰台区丰台镇东安街头条3号
211,北京市航天中学,21完全中学,67991659,北京市丰台区万源北路3号
212,北京市第十二中学体育分校,24一贯制学校,63823086,北京市丰台区丰台镇文体路32号
213,北京市赵登禹学校,24一贯制学校,67573220,北京市丰台区马家堡嘉园一里17号
214,北京市丰台区南顶中学,23初级中学,67235977,北京市丰台区大红门路60号
215,北京市丰台区角门中学,23初级中学,67543104,北京市丰台区马家堡路122号
218,北京佳汇中学,23初级中学,88296005,北京市石景山区模式口南里
219,北京市京源学校,21完全中学,68644124,北京市石景山区京原路10号
220,北京市石景山区黄庄学校,24一贯制学校,88681197,北京市石景山区八宝山街道黄庄村43号西南郊苗圃
221,北京市第九中学,22高级中学,88753160,北京市石景山区模式口大街16号
223,北京市石景山区实验中学,23初级中学,68861034,北京市石景山区八角路40号
224,北京市苹果园中学,22高级中学,88932450,北京市石景山区苹果园南路25号
225,北京市蓝天第二中学,23初级中学,68875051,北京市石景山区老山西里甲2号
227,北京市古城高级中学,22高级中学,68876325,北京市石景山区古城南路6号
229,北京市蓝天第一中学,23初级中学,88744485,北京市石景山区苹果园三区
230,北京市石景山区石景山中学,23初级中学,88293411,北京市石景山区模式口西里甲31号院
231,北京市礼文中学,21完全中学,88977433,北京市石景山区老山东里甲19号
234,北京市高井中学,23初级中学,88953764,北京市石景山区高井路26号
235,北京市天泰中学,23初级中学,88902163,北京市石景山区石门路342号
236,北方工业大学附属中学,23初级中学,88751337,北京市石景山区金顶北路8号
237,北京市八大处中学,21完全中学,88962352,北京市石景山区八大处路8号
240,北京景山学校远洋分校,24一贯制学校,88681812,北京市石景山区鲁谷东街22号
241,北京市石景山区台京学校,24一贯制学校,68663821,北京市石景山区衙门口村西南后街
243,北京市一佳高级中学,22高级中学,82118457,北京市海淀区双榆树东里35号
244,北京市盲人学校,29其他学校附设中学班,88436313,北京市海淀区五路居11号
245,北京市学院路中学,23初级中学,62015276,北京市海淀区蓟门里小区北甲11号
246,北京市中关村中学,21完全中学,62619907,北京市海淀区科学院南路甲14号
247,北京医学院附属中学,21完全中学,62051727,北京市海淀区花园北路40号
248,首都师范大学附属中学,21完全中学,68415054,北京市海淀区北洼路33号
249,北京市育英中学,21完全中学,68287770,北京市海淀区万寿路西街14号
250,北京市知春里中学,21完全中学,82130874,北京市海淀区知春东里12号
252,北京理工大学附属中学分校,21完全中学,68421542,北京市海淀区紫竹院南路11号
254,北京市万寿寺中学,21完全中学,68726706,北京市海淀区万寿寺北里14号
255,北京市永丰中学,23初级中学,62474285,北京市海淀区西北旺镇六里屯村北
256,北京市第二O六中学,23初级中学,68211352,北京市海淀区翠微路19号
257,北京师范大学第三附属中学,21完全中学,62027296,北京市海淀区北三环中路甲36号
259,北京市海淀北部新区实验中学,23初级中学,62407841,北京市海淀区苏家坨镇西小营村
261,北京市上地中学,23初级中学,62619108,北京市海淀区中关村北大街2号
262,北京市第十九中学,21完全中学,62567672,北京市海淀区万泉河路83号
263,北京市上地实验学校,23初级中学,62975198,北京市海淀区上地二街3号
266,北京航空航天大学附属中学,21完全中学,82328079,北京市海淀区学院路37号
267,北京农业大学附属中学,21完全中学,62818575,北京市海淀区圆明园西路3号
268,北京市六一中学,21完全中学,88123782,北京市海淀区定慧西里17号
269,北京市温泉第二中学,21完全中学,62456191,北京市海淀区温泉镇环山村2号院
270,北京市第一0五中学,21完全中学,62181395,北京市海淀区高粱桥斜街3号
271,首都师范大学第二附属中学,21完全中学,68429728,北京市海淀区增光路50号
273,北京市育英学校,21完全中学,62870365,北京市海淀区万寿路西街11号
274,北京市中关村外国语学校,21完全中学,82930297,北京市海淀区建材城西路12号
275,北京市太平路中学,21完全中学,68156905,北京市海淀区太平路8号
276,北京市陶行知中学,21完全中学,62370760,北京市海淀区马甸西村2号
277,北京钢铁学院附属中学,21完全中学,82380909,北京市海淀区志新路36号
278,北京市明光中学,21完全中学,62233057,北京市海淀区学院南路1号
279,北京市第一O一中学,21完全中学,51633497,北京市海淀区颐和园路11号
281,北京矿业学院附属中学,21完全中学,62319913,北京市海淀区学院路丁11号
282,中国人民大学附属中学第二分校,21完全中学,88457078,北京市海淀区蓝靛厂路25号
283,中央民族大学附属中学,22高级中学,68932088,北京市海淀区法华寺甲5号
284,北京市永定路中学,21完全中学,68273356,北京市海淀区金沟河路13号
285,北京市建华实验学校,21完全中学,88625059,北京市海淀区玉泉路66号
287,中国人民大学附属中学,21完全中学,62511859,北京市海淀区中关村大街37号
288,北京市万泉河中学,23初级中学,62610409,北京市海淀区海淀操场乙73号
289,北京市海淀区教师进修学校附属实验学校,21完全中学,88509462,北京市海淀区远大路34号
291,北京市立新学校,21完全中学,68351747,北京市海淀区阜成路甲3号
293,北京市西颐实验学校,21完全中学,62510162,北京市海淀区双榆树南里2区3号
295,北京市上庄第二中学,23初级中学,62471523,北京市海淀区上庄镇东小营2号
298,北京市清河中学,23初级中学,62927409,北京市海淀区清河镇清河一街83号
299,北京市八一中学,21完全中学,58839007,北京市海淀区苏州街29号
300,北京市育鸿学校,24一贯制学校,66984507,北京市海淀区复兴路14号
301,北京市十一学校,21完全中学,88278276,北京市海淀区玉泉路66号
302,清华大学附属初级中学,23初级中学,62781662,北京市海淀区清华大学院内
303,北京市第五十七中学,21完全中学,63269986,北京市海淀区北蜂窝中路6号
304,北京市海淀外国语实验学校,21完全中学,88459235,北京市海淀区杏石口路20号
307,北大附中香山学校,21完全中学,82597165,北京市海淀区香山南辛村1号
308,北京市上庄中学,23初级中学,62471492,北京市海淀区上庄镇43号
310,北京石油学院附属中学,21完全中学,82370036,北京市海淀区学院路20号石油大院
311,北京市师达中学,21完全中学,62858559,北京市海淀区闵庄路70号
312,北京大学附属中学,21完全中学,58751074,北京市海淀区海淀黄庄
315,北方交通大学附属中学,21完全中学,62166616,北京市海淀区皂君庙12号
316,中国人民大学附属中学分校,21完全中学,62150598,北京市海淀区双榆树南里二区3号
317,北京市清华志清中学,22高级中学,62980450,北京市海淀区中关村北大街清华大学997
318,北京世贤学院附属中学,22高级中学,62316264,北京市海淀区二里庄小区24号
319,北京市仕尚中学,21完全中学,84911081,北京市海淀区上庄路117号
324,北京市门头沟区妙峰山民族学校,23初级中学,61880043,北京市门头沟区妙峰山镇陇驾庄村
326,北京市大峪中学分校,23初级中学,69862030,北京市门头沟区新桥大街65号
327,北京市门头沟区育新学校,23初级中学,69821853,北京市门头沟区新桥南大街40号
328,北京市育园中学,22高级中学,69834987,北京市门头沟区新桥南大街甲21号
329,北京市门头沟区军庄中学,23初级中学,60811869,北京市门头沟区军庄镇军庄村
330,北京市王平中学,23初级中学,61859455,北京市门头沟区王平镇西石古岩村
331,北京市门头沟区清水中学,23初级中学,60855374,北京市门头沟区清水镇上清水村
332,北京市门头沟区雁翅中学,23初级中学,61839774,北京市门头沟区雁翅镇付家台村
333,北京市门头沟区潭柘寺中学,23初级中学,60862395,北京市门头沟区潭柘寺镇南辛房村北街119号
335,北京市门头沟西辛房中学,23初级中学,69842868,北京市门头沟区门头沟路130号
336,北京市门头沟区斋堂中学,23初级中学,69816694,北京市门头沟区斋堂镇东斋堂大街7号
337,北京市门头沟区坡头中学,23初级中学,69842502,北京市门头沟区坡头南街1号
338,北京市房山区良乡第三中学,23初级中学,69382124,北京市房山区西潞街道办事处苏庄大街11号
342,北京市房山区琉璃河中学,21完全中学,61396897,北京市房山区琉璃河地区办事处洄城中区75号
343,北京师范大学良乡附属中学,22高级中学,69363082,北京市房山区西潞街道办事处苏庄东街8号
345,北京市房山区房山中学,22高级中学,69314284,北京市房山区城关街道办事处东大街13号
348,北京市房山区南梨园中学,23初级中学,89318519,北京市房山区阎村镇南梨园村
350,北京辅仁音乐学校,29其他学校附设中学班,80350620,北京市房山区长阳镇稻田南里8号
351,北京市房山区房山第三中学,23初级中学,69312717,北京市房山区城关街道办事处饶乐府村东
352,北京市房山区河南中学,23初级中学,60377237,北京市房山区河北镇河南村
353,北京市房山区实验中学,22高级中学,89349823,北京市房山区城关街道办事处兴东大街267号
354,北京市房山区交道中学,21完全中学,80319974,北京市房山区窦店镇交道二街三区66号
355,北京市房山区南召中学,23初级中学,80390081,北京市房山区琉璃河地区办事处北白村北
360,北京市房山区张坊中学,23初级中学,61339840,北京市房山区张坊镇史各庄村
361,北京市房山区官道中学,23初级中学,60331081,北京市房山区良乡地区办事处官道村南大街1号
362,北京市房山区长沟中学,21完全中学,61361809,北京市房山区长沟镇长沟大街3号
363,北京房山少林寺文武学校,24一贯制学校,89366691,北京市房山区拱辰街道办事处广阳西路2号
364,北京市房山区岳各庄中学,23初级中学,61311757,北京市房山区韩村河镇岳各庄村岳各庄大街甲2号
365,北京市房山区北潞园学校,24一贯制学校,89391045,北京市房山区西潞街道办事处北潞园小区北潞春E5楼
367,北京市房山区石楼中学,23初级中学,89307532,北京市房山区石楼镇石楼村
368,北京市房山区夏村中学,23初级中学,69324314,北京市房山区石楼镇夏村
369,北京市房山区葫芦垡中学,23初级中学,60352949,北京市房山区长阳镇葫芦垡村南
370,北京市房山区长阳中学,23初级中学,51135399,北京市房山区长阳镇碧桂园小区B区
371,北京市房山区北洛中学,23初级中学,51105070,北京市房山区琉璃河地区办事处北洛村西
372,北京市房山区韩村河中学,21完全中学,80389243,北京市房山区韩村河镇韩村河村圣园路甲1号
373,北京市房山区中院中学,23初级中学,61325342,北京市房山区韩村河镇下中院村
374,北京市房山区电业中学,21完全中学,69374621,北京市房山区拱辰街道办事处昊天大街75号
375,北京市房山区周口店中学,21完全中学,69301511,北京市房山区周口店地区办事处周口店大街51号
376,北京市房山区南尚乐中学,21完全中学,61385871,北京市房山区大石窝镇南尚乐村
377,北京市房山区石窝中学,23初级中学,61323639,北京市房山区大石窝镇石窝村
378,北京市房山区良乡第二中学,23初级中学,69351418,北京市房山区西潞街道办事处城隍庙街106号
380,北京市房山第四中学,23初级中学,69327194,北京市房山区城关街道办事处育新街1号
381,北京市房山区窦店中学,23初级中学,69392390,北京市房山区窦店镇窦店村
382,北京中南红星足球学校,21完全中学,61393708,北京市房山区琉璃河地区办事处刘李店村东街8号
384,北京市燕山星城中学,23初级中学,81331072,北京市房山区燕化星城健德三里34号
385,北京市燕山前进中学,23初级中学,69335404,北京市房山区燕山杏花西里46号
386,北京师范大学燕化附属中学,22高级中学,69343431,北京市房山区燕山迎风南路2号
387,北京市燕山东风中学,23初级中学,69344661,北京市房山区燕山东风街15号
388,北京市通州区潞河中学,21完全中学,69546337,北京市通州区新华南路135号
389,北京市通州区第二中学,21完全中学,69544963,北京市通州区玉带河西街28号
390,北京市通州区第三中学,22高级中学,69542090,北京市通州区女师胡同3号
391,北京市通州区第四中学,21完全中学,69522231,北京市通州区新华西街45号
392,北京市通州区第六中学,23初级中学,69543268,北京市通州区西顺城街32号
393,北京市通州区运河中学,21完全中学,81523528,北京市通州区运河西大街107号
394,北京市通州区玉桥中学,23初级中学,81588780,北京市通州区梨园北街23号
395,北京市通州区北关中学,23初级中学,69555728,北京市通州区永顺西街62号
397,北京市通州区宋庄中学,23初级中学,69595470,北京市通州区宋庄镇政府大街
398,北京市通州区潞州中学,21完全中学,89569796,北京市通州区宋庄镇徐辛庄村
399,北京市通州区胡各庄中学,23初级中学,89583666,北京市通州区潞城镇胡各庄村
400,北京市通州区南刘中学,23初级中学,89581056,北京市通州区潞城镇南刘村
401,北京市通州区甘棠中学,23初级中学,61521142,北京市通州区潞城镇侉子店村
402,北京市第二中学通州分校,21完全中学,80851527,北京市通州区潞城镇三元村
403,北京市通州区西集中学,23初级中学,61576275,北京市通州区西集镇国防路47号
404,北京市通州区郎府中学,23初级中学,61558070,北京市通州区西集镇郎东村
405,北京市通州区t县中学,23初级中学,80585485,北京市通州区t县镇t兴一街
406,北京市通州区觅子店中学,23初级中学,80566041,北京市通州区t县镇觅子店村
407,北京市通州区侯黄庄中学,23初级中学,80566129,北京市通州区t县镇侯黄庄村
408,北京市通州区永乐店中学,21完全中学,69568463,北京市通州区永乐店镇永三村1号
409,北京市通州区小务中学,23初级中学,80552859,北京市通州区永乐店镇小务村555号
410,北京市通州区柴厂屯中学,23初级中学,80511402,北京市通州区永乐店镇柴厂屯村
413,北京市通州区大杜社中学,23初级中学,61582377,北京市通州区马驹桥镇大杜社村
414,北京市通州区台湖学校,24一贯制学校,61536208,北京市通州区台湖镇台湖村
415,北京市通州区次渠中学,23初级中学,69502312,北京市通州区台湖镇次一村
417,北京市通州区牛堡屯学校,24一贯制学校,69581391,北京市通州区张家湾镇中街村
418,北京市通州区陆辛庄学校,24一贯制学校,69585189,北京市通州区张家湾镇陆辛庄村
420,北京市通州区梨园中学,23初级中学,60523283,北京市通州区梨园镇公庄村
423,北京市剑桥中学,21完全中学,57188070,北京市通州区台湖镇台湖村
424,北京市时代中学,21完全中学,81584862,北京市通州区运河西大街35号
426,北京潞河国际教育学园,21完全中学,69557324,北京市通州区玉带河西街10号
427,北京市通州区月河学校,24一贯制学校,81509419,北京市通州区台湖镇次一村
428,北京市通州区新未来实验学校,24一贯制学校,89578346,北京市通州区宋庄镇宋庄村
429,北京市通州区立华学校,24一贯制学校,81528665,北京市通州区梨园镇高楼金村
434,北京市顺义区小店中学,23初级中学,61412881,北京市顺义区杨镇小店村
436,北京市顺义区赵各庄学校,24一贯制学校,61491420,北京市顺义区张镇赵各庄村
437,北京市顺义区第四中学,23初级中学,69446143,北京市顺义区光明南街2号
438,北京市顺义区天竺中学,23初级中学,80467213,北京市顺义区天竺镇府前一街29号
440,北京市顺义区沙岭学校,24一贯制学校,61442573,北京市顺义区杨镇沙岭村青年路5号
441,北京市顺义区北石槽中学,23初级中学,60422123,北京市顺义区北石槽镇府前西街4号
443,北京市顺义区第八中学,23初级中学,69429480,北京市顺义区光明北街18号
444,北京市顺义区第三中学,23初级中学,69422509,北京市顺义区府前东街27号
445,北京市顺义区俸伯中学,23初级中学,89477257,北京市顺义区南彩镇前俸伯村东200米
447,北京市顺义区杨镇第一中学,22高级中学,61451055,北京市顺义区杨镇地区三街村仿古商业街43号
449,北京市顺义区南法信中学,23初级中学,69476574,北京市顺义区南法信镇西海洪村
450,北京市顺义区高丽营学校,24一贯制学校,69455654,北京市顺义区高丽营镇四村
451,北京市顺义区第十中学,21完全中学,80416138,北京市顺义区后沙峪镇双裕街
452,北京市顺义区第九中学,22高级中学,89498802,北京市顺义区仁和镇河南村北
454,北京市顺义区大孙各庄中学,23初级中学,61434877,北京市顺义区大孙各庄镇府前东街8号
455,北京市顺义区张镇中学,23初级中学,61480765,北京市顺义区张镇张孙路张镇段5号
456,北京市顺义区尹家府中学,23初级中学,61472870,北京市顺义区大孙各庄镇四福通大街88号
457,北京市顺义区南彩学校,24一贯制学校,89469286,北京市顺义区南彩镇南彩村东
460,北京市顺义牛栏山第一中学,22高级中学,69411142,北京市顺义区牛栏山镇育才大街1号
461,北京市顺义区牛山第三中学,23初级中学,60413751,北京市顺义区牛山镇牛富路2号
462,北京市顺义区北务中学,23初级中学,61421946,北京市顺义区北务镇北务村商业街7号
464,北京市顺义区北小营中学,23初级中学,60483730,北京市顺义区北小营镇府西路1号
469,北京市顺义区板桥中学,23初级中学,60442108,北京市顺义区赵全营镇板桥村中学街39号
471,北京市顺义区牛山第二中学,23初级中学,69412537,北京市顺义区京密路牛山段3号
472,北京市顺义区李桥中学,23初级中学,81473876,北京市顺义区李桥镇李家桥村
473,北京市昌平区第二中学分校,21完全中学,80107595,北京市昌平区城南街道南郝庄
474,北京王府外国语学校,21完全中学,81786151,北京市昌平区北七家镇王府街11号
475,北京市昌平区第一中学,21完全中学,89742546,北京市昌平区城北街道东关路16号
476,北京市昌平区第二中学,21完全中学,69724788,北京市昌平区城北街道政府街5号
478,北京市昌平区第四中学,23初级中学,69741026,北京市昌平区城北街道永安路5号
479,北京市昌平区第五中学,23初级中学,69741018,北京市昌平区城北街道富康路22号
481,北京市昌平实验中学,21完全中学,69744509,北京市昌平区城北街道永安里振兴路101号
482,北京市昌平区前锋学校,21完全中学,69742223,北京市昌平区城北街道水库路20号
485,北京市昌平区陈庄中学,23初级中学,69771937,北京市昌平区南口镇陈庄村西
486,北京市昌平区桃洼学校中学部,24一贯制学校,69778465,北京市昌平区南口镇后桃洼村村南
487,北京市昌平区马池口中学,23初级中学,69749080,北京市昌平区马池口镇马池口村
488,北京市昌平区亭自庄学校,24一贯制学校,60756280,北京市昌平区马池口镇北小营村
489,北京市昌平区沙河中学,21完全中学,80717564,北京市昌平区沙河镇泰清宫大街46号
490,北京市昌平区满井中学,23初级中学,69731833,北京市昌平区沙河镇满井东村南街131号
492,北京市昌平区阳坊中学,23初级中学,69760414,北京市昌平区阳坊镇西大街18号
495,北京市昌平区回龙观中学,23初级中学,81711358,北京市昌平区回龙观镇三合庄园西侧
496,北京市昌平区小汤山中学,21完全中学,61781232,北京市昌平区小汤山镇小汤山村
497,北京市昌平区大东流中学,23初级中学,61711480,北京市昌平区小汤山镇大东流村109号
498,北京市昌平区南邵中学,23初级中学,60732165,北京市昌平区南邵镇南邵村村东
499,北京市昌平区崔村中学,23初级中学,60724124,北京市昌平区崔村镇政府街
500,北京市昌平区百善学校,24一贯制学校,61731633,北京市昌平区百善镇孟祖村南
502,北京市昌平区中滩中学,23初级中学,84847701,北京市昌平区东小口镇中滩村
503,北京市天通苑中山实验学校,21完全中学,84819306,北京市昌平区东小口镇天通苑四区9号
504,北京市昌平区北七家中学,23初级中学,69751274,北京市昌平区北七家镇羊各庄村
505,北京市昌平区燕丹学校,24一贯制学校,61757143,北京市昌平区北七家镇燕丹村1号
506,北京市昌平区平西府中学,23初级中学,81786529,北京市昌平区北七家镇宏福苑小区南
507,北京王府学校,22高级中学,81787014,北京市昌平区北七家镇王府街11号
508,北京市昌平区兴寿学校,24一贯制学校,61726153,北京市昌平区兴寿镇兴寿村
509,北京市昌平区上苑中学,23初级中学,61707263,北京市昌平区兴寿镇东新城村78号
510,北京市昌平区下庄学校,24一贯制学校,89726143,北京市昌平区兴寿镇下庄村
511,北京市昌平区长陵中学,23初级中学,60761019,北京市昌平区长陵镇景陵村南侧
512,北京市昌平区黑山寨学校,24一贯制学校,89727147,北京市昌平区长陵镇黑山寨村西
513,北京市昌平区流村中学,23初级中学,89771055,北京市昌平区流村镇北流村
514,北京市昌平区十三陵中学,23初级中学,89763104,北京市昌平区十三陵镇王庄村东
515,北京市昌平区南口学校,21完全中学,89794839,北京市昌平区南口镇南大街8号
516,北京少林武术学校,29其他学校附设中学班,62715558,北京市昌平区回龙观镇甲一号院
517,北京市大兴区第八中学,21完全中学,69268299,北京市大兴区黄村镇康庄路40号
518,北京市大兴区第一中学,21完全中学,69242569,北京市大兴区黄村镇兴政街6号
519,北京市大兴区礼贤民族中学,33独立设置的少数民族初级中学,89271736,北京市大兴区礼贤镇礼贤一村青礼路2号
520,北京市大兴区第五中学,21完全中学,69246724,北京市大兴区黄村镇红楼西巷20号
521,北京市大兴区第七中学,23初级中学,69247408,北京市大兴区兴丰北大街2段215号
522,北京市大兴区定福庄中学,23初级中学,89251348-1008,北京市大兴区庞各庄镇定福庄村
523,北京市大兴区第四中学,23初级中学,69242285,北京市大兴区兴华中路54号
524,北京市大兴区大辛庄中学,23初级中学,89221107,北京市大兴区礼贤镇中心村大辛庄街5号
525,北京市大兴区太和中学,23初级中学,69286016,北京市大兴区瀛海镇太和商业街西
526,北京市大兴区魏善庄中学,21完全中学,89201948,北京市大兴区魏善庄东大街西侧
527,北京市大兴区红星中学,23初级中学,69272838,北京市大兴区瀛海镇工业区内红星中学
528,北京市大兴区德茂中学,23初级中学,67994560,北京市大兴区旧宫镇德茂庄德裕街14号
529,北京市大兴区兴海学校,24一贯制学校,60243685,北京市大兴区西红门镇三村
530,北京市大兴区庞各庄中学,23初级中学,89287415,北京市大兴区庞各庄镇西义堂村北
534,北京市大兴区第三中学,21完全中学,69232723,北京市大兴区黄村镇三中巷7号
535,北京市大兴区第一职业学校,29其他学校附设中学班,61202599,北京市大兴区黄村镇后辛村东
536,北京市大兴区青云店中学,23初级中学,80281019,北京市大兴区青云店镇育才路2号
538,北京市大兴区亦庄中学,23初级中学,67882070,北京市大兴区亦庄镇广德中巷1号
539,北京市第十四中学大兴安定分校,23初级中学,80231474,北京市大兴区安定镇兴安大街1号
540,北京市大兴区兴华中学,22高级中学,69294840,北京市大兴区兴华北路
542,北京市大兴区北臧村中学,23初级中学,60279455,北京市大兴区北臧村镇西
543,北京市大兴区旧宫中学,21完全中学,87965730,北京市大兴区旧宫东路61号
544,北京市大兴区采育中学,21完全中学,80271973,北京市大兴区采育镇福苑路
545,北京市大兴区郭家务中学,23初级中学,89263890,北京市大兴区榆垡镇郭家务村西
547,北京市大兴区凤河营中学,23初级中学,80202814-605,北京市大兴区采育镇凤河营村
549,北京市大兴区孙村中学,23初级中学,61268436,北京市大兴区黄村镇孙村村北
550,北京市大兴区长子营中学,23初级中学,80262334,北京市大兴区长子营镇沁水营村
551,北京市大兴区垡上中学,23初级中学,80211947,北京市大兴区青云店镇垡上村
552,北京市大兴区金海学校,24一贯制学校,61288948,北京市大兴区西红门镇团河路金星庄金海学校
553,北京市大兴区榆垡中学,21完全中学,89218989,北京市大兴区榆垡镇今荣街
556,北京市怀柔区喇叭沟门满族中学,33独立设置的少数民族初级中学,60623036,北京市怀柔区喇叭沟门满族乡喇叭沟门村西
557,北京市怀柔区第三中学,23初级中学,69623543,北京市怀柔区迎宾北路36号
558,北京市怀柔区汤河口中学,23初级中学,89671037,北京市怀柔区汤河口镇汤河口大街3号
559,北京市怀柔区桥梓中学,23初级中学,69676673,北京市怀柔区桥梓镇后桥梓村北
561,北京市怀柔区渤海中学,23初级中学,61631447,北京市怀柔区渤海镇沙峪村
562,北京市怀柔区第二中学,22高级中学,69622236,北京市怀柔区湖光南街6号
563,北京市怀柔区第五中学,23初级中学,51593554,北京市怀柔区东关二区1号
564,北京市怀柔区红螺寺中学,22高级中学,89686321,北京市怀柔区小中富乐一区190号
565,北京市怀柔区第一中学,22高级中学,69643291,北京市怀柔区府前西街3号
566,北京市怀柔区宝山中学,23初级中学,60625781,北京市怀柔区宝山镇宝山寺村
567,北京市怀柔区碾子中学,23初级中学,60628804,北京市怀柔区宝山镇碾子村
568,北京市怀柔区茶坞铁路中学,24一贯制学校,51040452,北京市怀柔区茶坞铁路地区22号
569,北京市怀柔区庙城学校,24一贯制学校,60694257,北京市怀柔区庙城镇庙城村南
570,北京市怀柔区北房中学,23初级中学,61682265,北京市怀柔区北房镇驸马庄村西
571,北京市怀柔区张各长中学,23初级中学,69658436,北京市怀柔区怀柔镇张各长村
572,北京市怀柔区长哨营满族中学,33独立设置的少数民族初级中学,60621801,北京市怀柔区长哨营满族乡长哨营村西
574,北京市怀柔区杨宋中学,23初级中学,61678417,北京市怀柔区杨宋镇杨宋庄村南
575,北京市怀柔区怀北学校,24一贯制学校,69662039,北京市怀柔区怀北镇怀北庄村南
576,北京市怀柔区九渡河中学,23初级中学,89606236,北京市怀柔区九渡河镇九渡河村
577,北京市世纪学校,22高级中学,61678572,北京市怀柔区凤翔科技开发区凤瑞二园9号
578,北京市怀柔区雁栖学校,24一贯制学校,61642988,北京市怀柔区雁栖镇范各庄村
579,北京市怀柔区第四中学,23初级中学,69643620,北京市怀柔区湖光小区34号
581,北京市平谷区张各庄中学,23初级中学,52793562,北京市平谷区夏各庄镇安固村东
582,北京市平谷区峪口中学,23初级中学,61906037,北京市平谷区峪口镇峪口西大街50号
583,北京市平谷区马昌营中学,23初级中学,61981679,北京市平谷区马昌营镇马昌营村古槐东三街2号
584,北京市平谷区第九中学,23初级中学,69909434,北京市平谷区东高村镇东高村西
585,北京市平谷区第三中学,23初级中学,69961891,北京市平谷区平谷镇文化南街5号
586,北京师范大学附属平谷中学,21完全中学,69952681,北京市平谷区平谷镇北二环路园丁小区1号
587,北京市平谷区大华山中学,23初级中学,61947944,北京市平谷区大华山镇大华山街263号
588,北京市平谷区山东庄中学,23初级中学,60937194,北京市平谷区山东庄镇山东庄西大街173号
589,北京市平谷中学,21完全中学,69961329,北京市平谷区平谷镇府前街6号
591,北京市平谷区第二中学,23初级中学,69961750,北京市平谷区平谷镇南门街2号
592,北京市平谷区刘家河联办中学,23初级中学,60961747,北京市平谷区南独乐河镇刘家河村西二路13号
594,北京市平谷区门楼庄中学,23初级中学,89923263,北京市平谷区东高村镇门侯路3号
595,北京市平谷区黄松峪中学,23初级中学,60971702,北京市平谷区黄松峪乡黄松峪大街343号
597,北京市平谷区第七中学,23初级中学,52792034,北京市平谷区王辛庄镇北校园路14号
599,北京市平谷区第六中学,21完全中学,69962844,北京市平谷区平谷镇建设街204号
600,首都师范大学附属密云中学,22高级中学,81095480,北京市密云县兴云路27号
601,密云县第二中学,21完全中学,69043327,北京市密云县康复路5号
603,密云县第三中学,23初级中学,69041394,北京市密云县育才路3号
604,密云县第四中学,23初级中学,69060919,北京市密云县阳光街88号
605,密云县第五中学,23初级中学,69071007,北京市密云县行宫街9号
606,密云县第六中学,23初级中学,89097620,北京市密云县兴云路23号
607,密云县水库中学,23初级中学,69012599,北京市密云县溪翁庄镇溪翁庄村
608,密云县西田各庄中学,23初级中学,61019604,北京市密云县西田各庄镇西田各庄村
609,密云县十里堡中学,23初级中学,89022112,北京市密云县十里堡镇十里堡村
610,密云县河南寨中学,23初级中学,61088688,北京市密云县河南寨镇芦古庄村
612,密云县新农村中学,23初级中学,89012228,北京市密云县穆家峪镇新农村
613,密云县穆家峪中学,23初级中学,61051944,北京市密云县穆家峪镇羊山村
614,密云县太师庄中学,21完全中学,69032716,北京市密云县太师屯镇太师庄村
615,密云县高岭中学,23初级中学,81081048,北京市密云县高岭镇高岭村
616,密云县不老屯中学,23初级中学,81091546,北京市密云县不老屯镇不老屯村
617,密云县古北口中学,23初级中学,81051340,北京市密云县古北口镇古北口村
618,密云县大城子中学,23初级中学,61072398,北京市密云县大城子镇大城子村
619,密云县东邵渠中学,23初级中学,61062485,北京市密云县东邵渠镇东邵渠村
620,密云县北庄中学,23初级中学,81001727,北京市密云县北庄镇北庄村
621,密云县新城子中学,23初级中学,81022446,北京市密云县新城子镇新城子村
622,延庆县第二中学,21完全中学,81195749,北京市延庆县延庆镇菜园南街19号
623,延庆县第一中学,22高级中学,69182699,北京市延庆县延庆镇高塔路5号
624,延庆县第三中学,21完全中学,69173604,北京市延庆县延庆镇香苑街106号
625,延庆县第四中学,23初级中学,69180892,北京市延庆县延庆镇香苑街110号
626,延庆县第五中学,22高级中学,81198943,北京市延庆县延庆镇湖南东路10号
627,延庆县体育运动学校,23初级中学,69101175,北京市延庆县延庆镇赵庄村
628,延庆县十一学校,24一贯制学校,69101592,北京市延庆县延庆镇三清观29号
631,延庆县康庄中学,23初级中学,61161203,北京市延庆县康庄镇榆林东侧
632,延庆县八达岭中学,23初级中学,69120429,北京市延庆县八达岭镇西拨子村北
633,延庆县永宁中学,21完全中学,60171305,北京市延庆县永宁镇东门外
634,延庆县新华民族中学,33独立设置的少数民族初级中学,60179346,北京市延庆县永宁镇新华营村
635,延庆县旧县中学,23初级中学,61153400,北京市延庆县旧县镇旧县村西
636,延庆县张山营中学,23初级中学,69111401,北京市延庆县张山营镇下芦凤营村西
638,延庆县沈家营中学,23初级中学,61131284,北京市延庆县沈家营镇冯庄村北
639,延庆县大榆树中学,23初级中学,61182794,北京市延庆县大榆树镇大榆树村
641,延庆县井庄中学,23初级中学,61191948,北京市延庆县井庄镇艾官营村西南角
643,延庆县香营学校,24一贯制学校,60161845,北京市延庆县香营乡香营村
946,北京市平谷区马坊中学,23初级中学,61912478,北京市平谷区峪口镇厂门口大街3号
947,北京师范大学亚太实验学校,24一贯制学校,69759604,北京市昌平区东三旗
948,北京市第一五九中学,21完全中学,66033672,北京市西城区王府仓胡同23号
949,北京市西城外国语学校,21完全中学,68344872,北京市西城区西外南路6号
950,延庆县下屯中学,23初级中学,61110625,北京市延庆县大榆树镇下屯村北
951,延庆县靳家堡中学,23初级中学,81183398,北京市延庆县张山营镇中羊坊村西
952,延庆县第七中学,23初级中学,69177977,北京市延庆县延庆镇西关村北
953,北京市第十六中学,23初级中学,51883248,北京市朝阳区东坝红松园甲3号
954,北京师范大学密云实验中学,22高级中学,69068719,北京市密云县阳光街1号
955,北京市和平北路学校,24一贯制学校,64200141,北京市东城区安外大街168号（地坛体育场内）
956,北京市平谷区育才中学,22高级中学,89987184,北京市平谷区平谷镇西寺渠村西寺渠大街48号
957,北京市怀柔区职业学校,29其他学校附设中学班,61667352,北京市怀柔区雁栖经济开发区雁栖大街7号
958,北京市美亚学校,24一贯制学校,89287866,北京市大兴区庞各庄镇宋各庄村
959,北京市中芯学校,24一贯制学校,67853030,北京经济技术开发区凉水河二街9号
960,北京师范大学大兴附属中学,21完全中学,69252066,北京市大兴区黄村镇减河桥北
961,首都师范大学附属大兴学校,22高级中学,61243204,北京市大兴区海东路4号
962,北京市大兴区狼垡中学,23初级中学,61222224,北京市大兴区黄村镇狼垡村
963,延庆县第八中学,23初级中学,69176601,北京市延庆县延庆镇广积屯村甲5号
964,北京市徐悲鸿中学,21完全中学,63533842,北京市西城区右安门内西街甲10号
965,北京市第八十中学体育运动学校,24一贯制学校,85573746,北京市朝阳区平房乡平房村1861号
966,北京市黑庄户中学,23初级中学,85386373,北京市朝阳区黑庄户乡黑庄户商业街甲3号
967,北京师范大学朝阳附属中学,23初级中学,82720310,北京市朝阳区林萃西里8号
968,北京化工大学附属中学,21完全中学,64919179,北京市朝阳区惠新里38号
969,北京市亚奥学校,21完全中学,84928241,北京市朝阳区仰山路2号
970,北京市平谷区第四中学,23初级中学,89981204,北京市平谷区平谷镇赵各庄村东2号
971,北京服装学院附属中学,21完全中学,64626001,北京市朝阳区柳芳南里20号
972,北京市第一六五中学,21完全中学,64003872,北京市东城区育群胡同45号
973,北京市回民学校,31独立设置的少数民族完全中学,63046958,北京市西城区广内大街225号
974,北京市第五十四中学,21完全中学,84221682,北京市东城区和平里六区9号
975,北京市第十四中学,21完全中学,63017883,北京市西城区广安门外大街305号
976,北京市第六十六中学,21完全中学,63540825,北京市西城区枣林前街111号
977,北京市广安中学,23初级中学,63549074,北京市西城区枣林斜街55号
978,北京市第一一五中学,23初级中学,67018618,北京市东城区天坛东路13号
979,北京市前门外国语学校,23初级中学,67024402,北京市东城区前门东大街甲14号
980,北京市第十一中学,21完全中学,67023669,北京市东城区金鱼池西街1号
981,北京市昌平区第六中学,23初级中学,69746793,北京市昌平区城北街道西环南路31号
982,北京教育学院附属中学,21完全中学,62215653,北京市西城区新街口大四条48号
983,北京市朝阳区芳草地国际学校富力分校,24一贯制学校,59643597,北京市朝阳区鲁店北路30号
984,北京昌平新东方外国语学校,21完全中学,58827916,北京市昌平区阳坊镇阳坊工业园区
985,北京市丰台区长辛店第三中学,24一贯制学校,83885842,北京市丰台区朱家坟一里44号
986,北京市丰华中学,22高级中学,83806697,北京市丰台区朱家坟一里45号
987,北京市第二二二中学,29其他学校附设中学班,87280847,北京市丰台区光彩北路4号
988,北京市圣云中学,23初级中学,83218989,北京市丰台区卢沟桥晓月苑一里14号
989,北京市华侨城黄冈中学,21完全中学,67383678,北京市朝阳区金蝉欢乐园一号院甲1号
990,北京市润丰学校,24一贯制学校,85515988,北京市朝阳区青年路西里6号院
991,北京市苹果园中学分校,23初级中学,88931340,北京市石景山区西井路
992,北京市第八十中学管庄分校,23初级中学,65792376,北京市朝阳区管庄西里
993,北京教育学院石景山分院附属学校,23初级中学,68878146,北京市石景山区古城东街5号
994,北京市望京实验学校,24一贯制学校,64759576,北京市朝阳区望京西园三区313号
995,北京教育科学研究院附属实验中学,21完全中学,64748559,北京市朝阳区望京西园四区428号
996,北京市温榆河双语实验学校,24一贯制学校,64354193,北京市朝阳区崔各庄乡崔各庄村北
997,北京市第九十四中学机场分校,24一贯制学校,64564797,北京市朝阳区首都机场燕翔西里19号
998,北京市私立北方中学,22高级中学,65676726,北京市朝阳区建国门外砖厂胡同甲33号
999,北京市第一六一中学,21完全中学,66054717,北京市西城区大宴乐胡同11号
1000,北京师范大学附属实验中学分校,23初级中学,66526021,北京市西城区辟才胡同80号
1001,华中师范大学第一附属中学朝阳学校,21完全中学,85854113,北京市朝阳区辛庄二街泛海国际小区内
1002,北京市房山区良乡第五中学,23初级中学,89318131,北京市房山区阎村镇大董村村北
1003,北京市第十七中学,21完全中学,87210264,北京市朝阳区百子湾家园404号
1004,北京市顺义区君诚学校,22高级中学,80490307,北京市顺义区后沙峪镇火沙路古城段15号
1005,北京市新英才学校,21完全中学,80413968,北京市顺义区后沙峪镇安华街9号
1006,中国传媒大学附属中学,22高级中学,60293128,北京市大兴区金惠园小区内
1007,北京市私立树人・瑞贝学校,21完全中学,80856788,北京市通州区宋庄镇小堡南区甲1号
1008,北京市育才学校通州分校,24一贯制学校,81576606,北京市通州区梨园镇群芳二街3号
1009,北京市通州区新华学校,24一贯制学校,69549645,北京市通州区新华大街77号
1010,北京市同文中学,23初级中学,68653297-817,北京市石景山区永乐小区甲8号院
1011,北京市房山区房山第五中学,23初级中学,69308009,北京市房山区周口店地区办事处娄子水村南
1012,北京市昌平区南口铁道北中学,21完全中学,69775087,北京市昌平区南口镇道北西区593号
1013,北京市三家店铁路中学,21完全中学,61819104,北京市门头沟区三家店新建路30号
1014,首都师范大学附属中学永定分校,21完全中学,69801362,北京市门头沟区石龙北路32号
1015,北京市门头沟区体育运动学校,23初级中学,69804720,北京市门头沟区石龙北路30号
1016,北京市清华育才实验学校,21完全中学,62859436,北京市海淀区闵庄路56号
1017,人大附中西山学校,21完全中学,62833690,北京市海淀区马连洼南路9号
1018,北京市第二十中学,21完全中学,62920533,北京市海淀区清河小营西路11号
1019,北京市北外附属外国语学校,21完全中学,82747051,北京市海淀区西二旗大街19号
1020,北京市房山区大宁学校,24一贯制学校,81355988,北京市房山区长阳镇大宁山庄小区
1021,北京市房山区良乡行宫园学校,24一贯制学校,89351495,北京市房山区拱辰街道办事处行宫园小区
1022,北京市顺义区马坡中学,23初级中学,69409776,北京市顺义区双丰秦武姚村
1023,北京市顺义区仁和中学,23初级中学,89493698,北京市顺义区双河大街15号
1024,北京市通州区七彩学校,24一贯制学校,61533117,北京市通州区台湖镇田府村
1025,北京中加学校,22高级中学,89598885,北京市通州区宋庄镇丛林庄园
1026,北京市通州区龙旺庄中学,23初级中学,89591907,北京市通州区永顺镇小潞邑村
1027,北京市通州区潞河中学分校,21完全中学,69571821,北京市通州区张家湾镇工业开发区广源西街8号
1028,北京市通州区第一实验中学,23初级中学,60509266,北京市通州区马驹桥镇新海西路88号
1029,北京市门头沟区新桥路中学,23初级中学,69842617,北京市门头沟区新桥大街64号
1030,北京市博文学校,21完全中学,61351800,北京市房山区西潞街道办事处月华南大街蝶翠苑小区西侧
1031,北京市顺义区杨镇第二中学,23初级中学,61451155,北京市顺义区杨镇三街西
1032,北京市房山区昊天学校,24一贯制学校,69387621,北京市房山区拱辰街道办事处玉竹西路
1033,北京市房山区良乡中学,22高级中学,69352605,北京市房山区拱辰街道办事处南关东路5号
1034,北京市呼家楼中学,21完全中学,65088964,北京市朝阳区呼家楼西里南街2号
1035,北京市房山区房山第二中学,23初级中学,69312990,北京市房山区城关街道办事处沿河路5号
1036,北京工业大学附属中学,21完全中学,58768366,北京市朝阳区双井大路园零号（富力城小区内）
1037,北京市房山区晨曦中学,23初级中学,89318510,北京市房山区阎村镇吴庄村南
1038,北京市房山区良乡第四中学,23初级中学,61350915,北京市房山区西潞街道办事处太平庄村
1039,北京市燕山向阳中学,23初级中学,69344853,北京市房山区燕山工体街68号
1040,北京市牛栏山一中实验学校,21完全中学,81480932,北京市顺义区顺安路99号
1041,北京市平谷区第八中学,24一贯制学校,69956369,北京市平谷区大兴庄镇大兴庄村南顺兴路2号
1042,北京市怀柔区体育运动学校,23初级中学,69625950,北京市怀柔区湖光小区31号
1043,北京市大兴区体育运动学校,24一贯制学校,69250080,北京市大兴区黄村镇兴丰北大街69号
1044,北京市大兴区第六中学,23初级中学,60279249,北京市大兴区京开路甲54号
1045,北京市私立君谊中学,21完全中学,60259042,北京市大兴区金惠园小区内
1046,北京市昌平区天通苑学校,24一贯制学校,64117720,北京市昌平区东小口镇天通苑西三区13号
1047,北京市私立汇佳学校,21完全中学,69744794,北京市昌平区城南街道昌怀路157号
1048,北京市顺义区沿河中学,23初级中学,69480315,北京市顺义区李桥镇北河村
1049,北京市昌平区第三中学,21完全中学,89782460,北京市昌平区城北街道西关北果园
1050,北京市顺义区赵全营中学,23初级中学,60431128,北京市顺义区牛板路赵全营段129号
1051,北京市顺义区高丽营第二中学,23初级中学,69491828,北京市顺义区高丽营镇张喜庄村拓新区12号
1052,北京市顺义区李遂中学,23初级中学,89481601,北京市顺义区李遂镇南孙路沟北段38号
1053,北京市顺义区第五中学,23初级中学,89441490,北京市顺义区石园西区
1054,北京市顺义区木林中学,23初级中学,60457445,北京市顺义区木林镇顺焦路木林段1号
1055,北京市顺义区龙湾屯中学,23初级中学,60461319,北京市顺义区龙湾屯镇府南路5号
1056,北京市顺义区第二中学,21完全中学,69421643,北京市顺义区前进花园南侧
1057,北京市顺义区第一中学,22高级中学,69444448,北京市顺义区站前东街6号
1058,北京市房山区坨里中学,21完全中学,80379516,北京市房山区青龙湖镇坨里大街15号
1059,北京市昌平区南口职业学校,24一贯制学校,69771570,北京市昌平区南口镇南农家园
1060,北京市太平桥中学,23初级中学,63475285,北京市丰台区太平桥27号
1061,北京市大峪中学,22高级中学,61864113,北京市门头沟区滨河德露苑18号
1062,北京市海淀实验中学,21完全中学,68471805,北京市海淀区白堆子131号
1063,北京市杨庄中学,23初级中学,68870934,北京市石景山区八角北路53号
1064,北京市古城外国语学校,23初级中学,68871582,北京市石景山区八角南路
1065,北大附属实验学校,21完全中学,51180068,北京市丰台区明春苑小区
1066,北京市第十二中学高中分校,22高级中学,83666056,北京市丰台区益泽路15号
1067,北京市第十二中学,21完全中学,83666014,北京市丰台区益泽路15号
1068,北京市丰台区左安门中学,23初级中学,87644261,北京市丰台区成寿寺路四方景园五区9号楼
1069,北京市第四十七中学,21完全中学,62450147,北京市海淀区苏家坨镇北安河村环谷园路8号
1070,首都医科大学附属中学,21完全中学,83401686,北京市丰台区右安门外翠林小区2里22号
1071,北京市海淀区星星学校,24一贯制学校,62985319,北京市海淀区马连洼菊园小区11号楼
1072,北京市第八中学怡海分校,21完全中学,63798086,北京市丰台区南四环西路129号
1073,北京市第八十中学,21完全中学,58047009,北京市朝阳区望京科技园利泽中园
1074,北京市十八里店中学,23初级中学,67472283,北京市朝阳区十八里店乡周家庄甲1号
1075,北京市高家园中学,23初级中学,64345274,北京市朝阳区高家园小区210号
1076,北京市忠德学校,24一贯制学校,51397591,北京市朝阳区东苇路9号
1077,中国红十字基金会北京拔萃双语学校,21完全中学,65496909,北京市朝阳区拔萃路1号
1078,北京市北苑中学,23初级中学,84922680-8824,北京市朝阳区安定门外北苑村2号
1079,北京青年政治学院附属中学,21完全中学,64372718,北京市朝阳区大山子西里10号
1080,中国建筑材料科学研究院附属中学,21完全中学,65745060,北京市朝阳区管庄东里
1081,北京教育学院丰台分院附属学校,24一贯制学校,83207368,北京市丰台区三环新城丰桥路6号院
1082,北京市科迪实验中学,21完全中学,62482677,北京市海淀区苏家坨镇苏三四村
1083,北京市玉渊潭中学,21完全中学,63983619,北京市海淀区羊坊店路皇亭子
1084,中国地质大学附属中学,21完全中学,82310924,北京市海淀区城府路20号
1085,北京市北达资源中学,21完全中学,62752071,北京市海淀区北京大学畅春园
1086,清华大学附属中学,21完全中学,62781662,北京市海淀区中关村北大街
1087,首都师范大学附属育新学校,21完全中学,82930293,北京市海淀区西三旗新康园4号
1088,北京市育强中学,23初级中学,68238169,北京市海淀区阜石路甲59号
1089,北京市海淀区尚丽外国语学校,21完全中学,62591019,北京市海淀区香山南路四统碑
1090,北京市二十一世纪实验学校,21完全中学,88124903,北京市海淀区恩济庄46号
1091,北京市翠微中学,21完全中学,68273011,北京市海淀区翠微路1号
1092,北京市第六十七中学,21完全中学,62881087,北京市海淀区厢红旗东门外甲3号
1093,北京市石景山区华奥学校,24一贯制学校,68664165,北京市石景山区永乐东小区
1094,北京理工大学附属中学,21完全中学,68730977,北京市海淀区车道沟
1096,北京市丰台区槐树岭学校,23初级中学,83804564,北京市丰台区长辛店镇大灰厂东路19号
