单位名称,许可备案号,许可有效期,注册地址,场所地址,法人姓名
北京雷腾娱乐有限公司,京兴娱（游艺）〔2012〕0036号,2018-10-31,北京市大兴区旧宫镇科技路21-39号（宣颐家园J4号楼）,北京市大兴区旧宫镇科技路21-39号（宣颐家园J4号楼）,周健男
北京金航线娱乐有限公司,京东娱（游艺）〔1999〕0008号,2018-10-19,北京市崇文区光明路13号地下一层,北京市崇文区光明路13号地下一层,赵立英
北京市东城十字坡影剧院电子游戏厅,京东娱（游艺）〔2001〕0009号,2018-10-19,北京市东城区王府井大街277号,北京市东城区王府井大街277号,杨勇
北京快乐岛上网服务有限公司,京朝娱（游艺）〔1998〕0084号,2018-10-13,朝阳区团结湖东里10号,朝阳区团结湖东里10号,韩冰
北京普阳电子游艺有限公司,京平娱（游艺）〔2014〕0018号,2018-10-07,北京市平谷区平谷镇西环南路5号,北京市平谷区平谷镇乐园西小区24楼4单元6号,王庆国
北京乐趣文化发展有限公司,京朝娱（游艺）〔2009〕0298号,2018-09-30,朝阳区朝外大街三丰北里2号楼B1-07号,朝阳区朝外大街三丰北里2号楼B1-07号,刘楠
北京乐联文化发展有限公司,京朝娱（游艺）〔2011〕0352号,2018-09-30,朝阳区朝阳北路101号楼8F-dd01,朝阳区朝阳北路101号楼8F-dd01,刘楠
北京海华城电子游艺俱乐部有限公司,京朝娱（游艺）〔2012〕0362号,2018-09-30,北京市朝阳区霄云路35号【6-5】54幢、57幢,北京市朝阳区霄云路35号【6-5】54幢、57幢,隋蕾蕾
北京乐番互动娱乐有限公司,京朝娱（游艺）〔2012〕0374号,2018-09-30,朝阳区晨光家园323号楼1至2层103,朝阳区晨光家园323号楼1至2层103,高辉
北京海蓝宇休闲健身娱乐有限公司,京朝娱（游艺）〔2013〕0396号,2018-09-30,北京市朝阳区雅成一里19号楼地下一层,北京市朝阳区雅成一里19号楼地下一层,李瑞金
北京乐酷玩艺游艺娱乐有限公司,京朝娱（游艺）〔2013〕0401号,2018-09-30,北京市朝阳区紫南家园108号楼二段四层商业1,北京市朝阳区紫南家园108号楼二段四层商业1,张佳亮
北京凯博风电子游艺有限公司,京朝娱（游艺）〔2013〕0407号,2018-09-30,朝阳区清河营南街7号院3号楼-1层（-1）-159内（GF-C07a）,朝阳区清河营南街7号院3号楼-1层（-1）-159内（GF-C07a）,曹勇
北京核动力游艺娱乐中心,京朝娱（游艺）〔2014〕0417号,2018-09-30,朝阳区北苑家园秋实街1号1幢4层4F-20,朝阳区北苑家园秋实街1号1幢4层4F-20,傅娇女
北京亦酷星空电子游艺娱乐有限公司,京东娱（游艺）〔2013〕0034号,2018-09-29,北京市东城区建国门内大街18号B1层（030-034单元）,北京市东城区建国门内大街18号B1层（030-034单元）,孙海峰
北京炫酷尖兵娱乐游艺有限公司,京海娱（游艺）〔2011〕0009号,2018-09-29,海淀区交大东路25号1号楼-1层北侧,北京市海淀区交大东路25号1号楼-1层北侧,龚农垦
北京宏潞达餐饮文化传播有限公司,通游11005号,2018-09-29,北京市通州区车站路8号,北京市通州区车站路8号,刘炜
北京快乐王子电子游艺有限公司,通游12039号,2018-09-29,北京市通州区八里桥市场市兴路2号楼2层,北京市通州区八里桥市场市兴路2号2层,华晓燕
北京海洋欢乐汇娱乐有限公司,京东娱（游艺）〔2011〕0019号,2018-09-28,北京市东城区隆福寺街99号金隆基大厦B1层B101,北京市东城区隆福寺街99号金隆基大厦B1层B101,黄河
北京海蓝云峰休闲娱乐俱乐部有限公司,京朝娱（游艺）〔2010〕0315号,2018-09-26,朝阳区朝外大街99号地下一层,朝阳区朝外大街99号地下一层,康大玉
北京晟通睿智电子游艺有限公司,京朝娱（游艺）〔2012〕0392号,2018-09-26,北京市朝阳区百子湾东里甲422-2号一层、二层,北京市朝阳区百子湾东里甲422-2号一层、二层,熊伟文
北京欢乐海岸娱乐有限公司,京朝娱（游艺）〔2012〕0395号,2018-09-26,北京市朝阳区阜通东大街6号院4号楼方恒购物中心一层1-002二层2-0022-0032-0052-0062-0072-008,北京市朝阳区阜通东大街6号院4号楼方恒购物中心一层1-002二层2-0022-0032-0052-0062-0072-008,龚志鹏
北京旺盛园电子游戏有限公司,京朝娱（游艺）〔2013〕0406号,2018-09-26,朝阳区朝阳路69号1号楼二层3（1-5）、3（1-6）,朝阳区朝阳路69号1号楼二层3（1-5）、3（1-6）,陈由朋
北京万宏文化娱乐有限公司,京朝娱（游艺）〔2015〕0425号,2018-09-26,朝新嘉园东里五区18号楼102号1层.2层西侧部分,朝新嘉园东里五区18号楼102号1层.2层西侧部分,陶涛
北京奥星娱乐中心,京兴娱（游艺）〔2014〕0023号,2018-09-25,北京市大兴区永兴路5号院2号楼105、106室,北京市大兴区永兴路5号院2号楼105、106室,李占权
北京朝日红霞电子游艺有限公司,京平娱（游艺）〔2016〕0022号,2018-09-22,北京市平谷区南岔子街1号1―2层,北京市平谷区南岔子街1号1―2层,王丙明
北京海洋玩家文化有限公司,京东娱（游艺）〔2015〕0017号,2018-09-18,北京市东城区东直门外大街42号一层111号,北京市东城区东直门外大街42号一层111号,左建华
北京鼎乐酷电子游艺有限公司,京通娱（游艺）〔2016〕0007号,2018-09-07,北京市通州区台湖镇定海园小区9号楼三层,北京市通州区台湖镇定海园小区9号楼三层,张辰
北京魅莲苑轩文化交流有限公司,京兴娱（游艺）〔2012〕0034号,2018-08-28,北京市北京经济技术开发区文化园6号楼1幢三层03E02,北京市北京经济技术开发区文化园6号楼1幢三层03E02,尤志刚
北京鑫佰电子游艺有限公司,京兴娱（游艺）〔2016〕0056号,2018-08-28,北京市大兴区晓康东里三羊商业楼1幢5层501室,北京市大兴区晓康东里三羊商业楼1幢5层501室,邱立华
北京金易生源电子科技有限责任公司,京兴娱（游艺）〔2012〕0035号,2018-08-27,北京市大兴区黄村镇兴丰大街三段96号6幢二层、三层,北京市大兴区黄村镇兴丰大街三段96号6幢二层、三层,董梅
北京鑫鑫谷电子游艺有限公司,京通娱（游艺）〔2016〕0006号,2018-08-25,万盛北里甲420号2层203,北京市通州区万盛北里甲420号2层203,刘阳
北京新达电子游艺有限公司,通游2015002号,2018-08-25,北京市通州区马驹桥镇兴华南街327号2层201-5,北京市通州区马驹桥镇兴华南街327号2层201-5,乔洪波
北京福源贵都电子游艺有限公司,京平娱（游艺）〔2011〕0002号,2018-08-08,北京市平谷区平谷镇向阳北街4号楼（4-1-1、4-1-2、4-1-4、4-1-36、4-1-37）,北京市平谷区平谷镇向阳北街4号楼（4-1-1、4-1-2、4-1-4、4-1-36、4-1-37）,刘杰
北京金魔指电子游艺有限公司,京兴娱（游艺）〔2014〕0046号,2018-07-21,北京经济技术开发区天华园二里二区19号楼F4C1,北京市北京经济技术开发区天华园二里二区19号楼F4C1,杨芳芳
北京悦宫电玩城有限公司,京顺娱（游艺）〔2016〕0136号,2018-07-17,北京市顺义区仁和镇平各庄村顺通路27号1号楼,北京市顺义区仁和镇平各庄村顺通路27号1号楼,王义龙
北京极速猫文化发展有限公司,京兴文娱033号,2018-06-24,北京市北京经济技术开发区天华路5号院2号楼017-3号,北京市北京经济技术开发区天华路5号院2号楼017-3号,张凌宇
北京龙和大道娱乐有限公司,京兴娱（游艺）〔2012〕0020号,2018-06-24,北京市大兴区龙河路97-131（单元）、109-1号1至3层113,北京市大兴区龙河路97-131（单元）、109-1号1至3层113,李占权
北京洲通盛典休闲健身娱乐有限公司,通游12036号,2018-06-23,北京市通州区通胡大街甲3号03层商业F3-05号,北京市通州区通胡大街甲3号03层商业F3-05号,周大伟
北京浩瀚乐园电子游艺有限公司,通游13048号,2018-06-23,北京市通州区潞苑南大街498号二层-24号,北京市通州区南大街498号二层-24号,李世鹏
北京时间隧道电子游艺有限公司,京兴娱（游艺）〔2012〕0032号,2018-06-19,北京市大兴区西红门镇九村京开路东侧福伟路20号103室,北京市大兴区西红门镇九村京开路东侧福伟路20号103室,王永
卓越隆宇（北京）文化传播有限公司,京东游艺26号,2018-06-02,北京市东城区国瑞东路41号（一层、二层）,北京市东城区国瑞东路41号（一层、二层）,张增仁
北京金龙翔宇文化娱乐有限公司,京东游艺22号,2018-06-01,北京市东城区鼎新路23号1幢一层、地下一层,北京市东城区鼎新路23号1幢一层、地下一层,肖振华
北京杨庄电子游艺有限公司,通游11029号,2018-05-31,北京市通州区杨庄路100号,北京市通州区杨庄路100号,赵  江
北京精锐尚品文化传媒有限公司,通游12045号,2018-05-31,北京市通州区通胡大街11号-1五层E2室,北京市通州区通胡大街11号-1五层E2室,涂云琴
北京东方乐谭电子游艺有限责任公司,京密娱（游艺）〔2012〕0015号,2018-05-29,行宫街118号楼（三层）,北京市密云区行宫街118号楼（三层）,许晓芳
北京兴盛时代电子游艺有限公司,京兴娱（游艺）〔2012〕0031号,2018-05-21,北京市大兴区兴丰大街（三段西侧217-1）二层三层,北京市大兴区兴丰大街（三段西侧217-1）二层三层,郑乐臣
北京天赐富合电子游艺有限公司,通游11025号,2018-05-15,北京市通州区物资学院路6号,北京市通州区物资学院路6号,孙廷荣
北京奇乐电子游艺有限公司,京通娱（游艺）0005号,2018-05-10,北京市通州区怡乐中路242、244号1层,北京市通州区怡乐中路242、244号1层,王家纯
北京酷玩一家娱乐有限公司,门文游12006,2018-04-30,冯村商业街2070号,冯村商业街2070号,陈杰
北京浩昕添电子游戏有限公司,门文游12007,2018-04-30,滨河西区临镜苑1号商业楼,滨河西区临镜苑1号商业楼,柴光云
北京金泰先锋娱乐有限公司,海文游艺025号,2018-04-22,北京市海淀区万泉河路68号紫金大厦三层西区,北京市海淀区万泉河路68号紫金大厦三层西区,王兰英
北京胜利者电子游艺有限公司,通游11030号,2018-04-19,北京市通州区新华大街甲252号,北京市通州区新华大街甲252号,史建华
北京星乐时代动漫科技有限公司,通游11031号,2018-04-19,宋庄镇徐辛庄村委会西300米,宋庄镇徐辛庄村委会西300米,王泽强
北京华彩祥年电子游艺有限公司,京怀文娱0707,2018-04-10,北京市怀柔区南大街6号二层,北京市怀柔区南大街6号二层,崔广泉
北京假日火车娱乐城,京怀文娱201201,2018-04-07,怀柔区青春路甲68号楼3-5号地下一层,怀柔区青春路甲68号楼3-5号地下一层,胡焕柱
北京市通州区电影院,通游11003号,2018-02-28,北京市通州区西塔胡同1号,北京市通州区电影院,马月庆
北京小百灵娱乐中心,通游11007号,2018-02-28,北京市通州区云景东路51号福客隆超市四层,北京市通州区云景东路51号福客隆超市四层,徐  营
北京世嘉龙城电子游艺有限公司,通游11012号,2018-02-28,北京市通州区梨园北杨洼小区商业楼20号3层,北京市通州区梨园北杨洼小区商业楼20号3层,徐鹏
北京喜碧汇电子游艺有限公司,通游11028号,2018-02-28,车站路42号一层,车站路42号一层,周健
北京欢乐太阳谷电子游艺有限公司,通游12038号,2018-02-28,北京市通州区新华南路155号二层,北京市通州区新华南路155号二层,刘建平
北京泓悦兴国际酒店管理有限公司,通游11006号,2018-02-25,北京市通州区通朝大街107号109号111号,北京市通州区通朝大街107号109号111号,骆光荣
北京佰利鑫辉电子游艺有限公司,京通娱（游艺）0004号,2018-02-24,北京市通州区通胡大街15号院7号楼F2-04、F2-05,北京市通州区通胡大街15号院7号楼F2-04、F2-05,张春雷
北京泽洋金傲文化传播有限公司,通游11008号,2018-02-24,北京市通州区新华南路204号4层,北京市通州区新华南路204号4层,林春香
北京六月谷电子游艺有限公司,通游11017号,2018-02-24,北京市通州区潞苑南大街商59号一层,北京市通州区潞苑南大街商59号一层,魏  恒
北京七彩风云娱乐有限公司,通游11020号,2018-02-24,北京市通州区北杨洼小区19号楼B座,北京市通州区北杨洼小区19号楼B座,闫善坤
北京酷玩天堂电子游艺厅有限公司,通游11023号,2018-02-24,北京市通州区张家湾镇光华路西侧57号二层,北京市通州区张家湾镇光华路西侧57号二层,滕雪峰
北京百尚乐园玩具设备租赁中心有限公司,通游12043号,2018-02-24,北京市通州区马驹桥镇兴华中街北侧（潼关三区）9号三层,北京市通州区马驹桥镇兴华中街北侧（潼关三区）9号三层,周尤志
烈焰时代（北京）娱乐有限公司,通游12044号,2018-02-24,北京市通州区永顺西街89号院7号楼甲6号-甲7号,北京市通州区永顺西街89号院7号楼甲6号-甲7号,武林松
北京鑫顺腾达电子游艺有限公司,通游12046号,2018-02-24,北京市通州区宋庄镇宋庄村158号,北京市通州区宋庄镇宋庄村158号,傅维锋
北京乐酷地带电子游艺有限公司,怀文娱201107,2018-02-15,怀柔区庙城镇庙城村12号,怀柔区庙城镇庙城村12号,李娜
北京迎宾健身俱乐部,怀文娱0705,2018-01-26,怀柔区商业街28号楼,怀柔区商业街28号楼,王登闯
北京星尚佳电子游艺有限公司,京兴娱（游艺）0055号,2018-01-25,北京市大兴区旧宫镇庑殿家苑公建1号楼,北京市大兴区旧宫镇庑殿家苑公建1号楼,初历超
北京顺天龙腾电子游艺有限公司,房文游001,2018-01-24,房山区阎村镇大董村综合商业楼2号,房山区阎村镇大董村综合商业楼2号,高承建
北京和顺守和电子游艺厅,房文游002,2018-01-24,北京市房山区城关街道农林路1号,北京市房山区城关街道农林路1号,董刚
北京炫酷达人游艺娱乐有限公司,房文游003,2018-01-24,北京市房山区城关镇永安路1号对面,北京市房山区城关镇永安路1号对面,郭迁
北京月华电子游艺有限公司,房文游004,2018-01-24,北京市房山区良乡地区月华南大街10号（B区）二层,,史克华
北京欢乐鸿运电子游艺有限公司,房文游005,2018-01-24,北京市房山区良乡地区拱辰大街94号（三层）,北京市房山区良乡地区拱辰大街94号（三层）,边洪刚
北京金色昊天电子游艺有限公司,房文游006,2018-01-24,北京市房山区良乡昊天大街56号,北京市房山区良乡昊天大街56号,李成兵
北京梦幻星河电子科技发展有限公司,房文游007,2018-01-24,北京市房山区城关南大街6号,北京市房山区城关南大街6号,李民
北京君悦伙伴电子游艺厅,房文游008,2018-01-24,北京市房山区城关南大街55号,北京市房山区城关南大街55号,苏小雪
北京欢乐兔电子游艺厅,房文游009,2018-01-24,北京市房山区良乡地区西潞南大街10号,北京市房山区良乡地区西潞南大街10号,杜洪列
北京酷时代达人游艺娱乐有限公司,房文游010,2018-01-24,北京市房山区拱辰街道北关西路14号1幢,,郑林
北京奇域空间电子游艺有限公司,房文游011,2018-01-24,北京市房山区良乡镇西潞北大街28号地下一层,北京市房山区良乡镇西潞北大街28号地下一层,郑佑光
北京众邦乾来娱乐有限公司,房文游012,2018-01-24,北京市房山区良乡地区拱辰大街90号美奥美商城一层,北京市房山区良乡地区拱辰大街90号美奥美商城一层,纪鹏飞
北京乐其电子游艺有限公司,房文游014,2018-01-24,北京市房山区良乡西潞北大街89号盛川大厦二层,北京市房山区良乡西潞北大街89号盛川大厦二层,袁永恒
北京一帆风顺电子游艺有限公司,房文游015,2018-01-24,北京市房山区城关街道北大街6号甲1号楼4号底商,北京市房山区城关街道北大街6号甲1号楼4号底商,史成新
北京东威良润电子游艺有限公司,房文游018,2018-01-24,北京市房山区城关街道办事处西大街1号,北京市房山区城关街道办事处西大街1号,邱德华
北京鑫虎乐天娱乐有限公司,房文游019,2018-01-24,北京市房山区良乡西路30号三层,,王金鑫
北京游乐汇达电子游艺有限公司,房文游020,2018-01-24,北京市房山区城关街道青年北路77号1幢,北京市房山区城关街道青年北路77号1幢,柏金连
北京动漫猫酷乐娱乐有限公司,房文游022,2018-01-24,北京市房山区良乡体育路6号1号楼2层,北京市房山区良乡体育路6号1号楼2层,孙翔涛
北京美乐美乐电子娱乐有限公司,房文游023,2018-01-24,北京市房山区城关镇迎风坡村高家坡路3号1幢,北京市房山区城关镇迎风坡村高家坡路3号1幢,孙光辉
北京永乐门电子游艺有限公司,房文游025,2018-01-24,北京市房山区窦店镇山水汇豪苑63号三层,北京市房山区窦店镇山水汇豪苑63号三层,李金超
北京星空梦幻电子游艺有限公司,房文游026,2018-01-24,北京市房山区兴房大街38号4层2号,北京市房山区兴房大街38号4层2号,池向荣
北京圣鼎骑士电子游艺有限公司,房文游027,2018-01-24,北京市房山区拱辰街道西潞南大街5号地下一层,北京市房山区拱辰街道西潞南大街5号地下一层,田猛
北京加州盛金电子游艺有限公司,房文游028,2018-01-24,北京市房山区长阳镇昊天北大街48号218-1B101,北京市房山区长阳镇昊天北大街48号218-1B101,吕朋
北京酷都电子游艺有限公司,房文游029,2018-01-24,北京市房山区长阳镇嘉州水郡225号楼401-03,北京市房山区长阳镇嘉州水郡225号楼401-03,刘军
北京盛达腾飞电子游艺有限公司,房文游030,2018-01-24,北京市房山区阎村镇新镇路西商店,北京市房山区阎村镇新镇路西商店,王苹
北京嘉若恒电子游艺有限公司,京房娱（游艺）〔2012〕0013号,2018-01-24,北京市房山区良乡楸树街36号,北京市房山区良乡楸树街36号,聂国战
北京佳佳鸿运电子游艺有限公司,京房娱（游艺）〔2016〕0031号,2018-01-24,北京市房山区良乡拱辰大街181号1幢四层401号,北京市房山区良乡拱辰大街181号1幢四层401号,孙春生
北京庆鑫和电子游艺有限公司,京房娱（游艺）〔2016〕0032号,2018-01-24,房山兴房大街44号30幢一层1号―4号,北京市房山区房山兴房大街44号30幢一层1号―4号,李凤英
北京宏大百鑫文化发展有限公司,海文游艺032号,2018-01-19,海淀区龙翔路甲1号二层东,海淀区龙翔路甲1号二层东,罗瑞涛
北京康盛秦海电子游艺有限公司,京海娱（游艺）〔2012〕0018号,2018-01-17,海淀区增光路35号二层,海淀区增光路35号二层,毛幼春
北京双高东升文化传播有限公司,京密娱（游艺）〔2012〕0014号,2018-01-16,行宫街108号2层1号(一、二层),北京市密云区行宫街108号2层1号(一、二层),胡忠蛟
北京滨乐晶兴娱乐有限公司,京兴文娱029号,2018-01-15,北京市大兴区采育镇育镇街32号院1号四层,北京市大兴区采育镇育镇街32号院1号四层,孟繁斌
北京风影梦幻娱乐有限公司,京兴娱（游艺）〔2012〕0027号,2018-01-15,北京市大兴区西红门镇京良路10号B座3F-005,北京市大兴区西红门镇京良路10号B座3F-005,苏鸿文
北京俊兴娱乐有限公司,京兴娱（游艺）〔2016〕0053号,2018-01-10,黄村镇兴华北路（二段）78号院52-53号二至三层,黄村镇兴华北路（二段）78号院52-53号二层至三层,李占权
北京爱玩嘉年华文化娱乐有限公司,京朝娱（游艺）429号,2018-01-08,常通路2号院1号楼-2至5层101内三层3F-23,常通路2号院1号楼-2至5层101内三层3F-23,丁可安
北京大兴宾馆电子游艺厅,京兴文娱(游艺)0018号,2018-01-08,北京市大兴区黄村镇兴丰大街三段118号,北京市大兴区黄村镇兴丰大街三段118号,李宝珍
北京星光时尚电子游艺有限公司,京兴文娱(游艺)0045号,2018-01-04,北京市大兴区芳源里6号楼1至4层101,北京市大兴区芳源里6号楼1至4层101,闫凯
北京鑫森林文化发展有限公司,通游11033号,2018-01-03,北京市通州区物资学院路2号61-65室,北京市通州区物资学院路2号61-65室,刘同心
北京跃远华电子游艺有限公司,京平文游008,2017-12-31,北京市平谷区平谷镇平谷南街29号,北京市平谷区平谷镇平谷南街29号,刘全利
北京京西大元宝娱乐有限公司,门文游11004,2017-12-31,水闸北路21号（地上一层）,水闸北路21号（地上一层）,周永丰
北京卡乐时代娱乐有限公司,西文游第01号,2017-12-31,西单北大街131号西单大悦城8F-01,西单北大街131号西单大悦城8F-01,李楠
北京信沃达海洋科技有限公司,西文游第04号,2017-12-31,西直门外大街137号49幢平房第一间,北京市西城区西直门外大街137号49幢平房第一间,石晓北
北京嘉斯猫娱乐有限公司西单分店,西文游第06号,2017-12-31,西单堂子胡同9号6层,北京市西城区堂子胡同9号6层,李楠
北京旋金旺角娱乐有限公司,西文游第07号,2017-12-31,鸭子桥路1号院5号楼,鸭子桥路1号院5号楼,毛凯
北京西华百福休闲健身娱乐有限公司,西文游第09号,2017-12-31,地安门外大街31号2号楼,地安门外大街31号2号楼,王洋
北京凤号城电子游艺有限责任公司,西文游第11号,2017-12-31,春风胡同8号楼、10号楼、牛街20号、牛街22号8、10号楼三层,北京市西城区春风胡同8号楼、10号楼、牛街20号、牛街22号8、10号楼三层,万继凤
北京五福财休闲健身娱乐有限公司,西文游第13号,2017-12-31,宣武门外大街32号5层,宣武门外大街32号5层,邱宝玉
北京爱博乐美游艺厅有限公司,西文游第14号,2017-12-31,白纸坊东街31号4层,白纸坊东街31号4层,赵鲲
北京永利世嘉电玩城有限公司,西文游第15号,2017-12-31,马连道东街15号院1号楼,马连道东街15号院1号楼,宗建文
北京炫世界电子游艺厅,西文游第17号,2017-12-31,西四南大街18号1幢地下室,西四南大街18号1幢地下室,裴伟
北京市林云游艺厅,西文游第18号,2017-12-31,广安门外大街180号三层F3-02,广安门外大街180号三层F3-02,邹泽林
北京庄胜崇光百货商场电子游艺厅,西文游第19号,2017-12-31,宣武门外大街8号（庄胜崇光百货商场六层）,宣武门外大街8号（庄胜崇光百货商场六层）,
北京圣岳龙台球俱乐部,西文游第20号,2017-12-31,月坛北街26号地下一层,月坛北街26号地下一层,陈培新
北京贵源满休闲中心,西文游第21号,2017-12-31,建功南里3-1号地下一层,建功南里3-1号地下一层,叶述
北京异联电玩城有限公司,西文游第22号,2017-12-31,北京市西城区红莲南路28号6-1幢1层、2、3层部分,北京市西城区红莲南路28号6-1幢1层、2、3层部分,张荣胜
北京风云再起动漫娱乐中心,西文游第23号,2017-12-31,堂子胡同9号新一代商城六层,堂子胡同9号新一代商城六层,陈杰/左孝立
北京齐力同创电子游艺有限公司,京平文游009,2017-12-30,北京市平谷区平谷大街31号3幢,北京市平谷区平谷大街31号3幢,张龙旺
北京华亚星多娱乐有限公司,门文游11002,2017-12-30,门头沟路1号石龙大厦七层,北京市门头沟区门头沟路1号石龙商业大厦7层,纪新龙
北京乐淘百汇电子游艺有限公司,海文游艺047号,2017-12-29,海淀区西三旗永泰庄路甲6号二层,海淀区西三旗永泰庄路甲6号二层,付洪才
北京彩虹乐健文化传播有限公司,海文游艺006号,2017-12-28,海淀区学院南路33号艺海商务酒店东侧局部一、二层,海淀区学院南路33号艺海商务酒店东侧局部一、二层,崔健
北京莱利旋风电子科技有限公司,海文游艺013号,2017-12-28,海淀区农大南路1号院1号楼407号,海淀区农大南路1号院1号楼407号,苗翠琼
北京彩虹年代电子游艺厅,海文游艺016号,2017-12-28,海淀区双清路6号双清综合楼二层北区,海淀区双清路6号双清综合楼二层北区,刘江
北京炫动地带文化传播有限公司,海文游艺023号,2017-12-28,海淀区马连洼北路8号-5（一、二层）,海淀区马连洼北路8号-5（一、二层）,刘朝晖
北京永汇嘉华休闲健身娱乐有限公司,海文游艺024号,2017-12-28,海淀区巴沟路2号华联万柳购物中心4层,海淀区巴沟路2号华联万柳购物中心4层,薛为民
北京酷猫休闲健身娱乐有限公司,海文游艺040号,2017-12-28,海淀区学院路7号地下一层B05,海淀区学院路7号地下一层B05,刘志丰
北京恒得利电子游艺有限责任公司,海文游艺053号,2017-12-28,海淀区中关村大街18号8层03号,海淀区中关村大街18号8层03号,陈明
北京宏图益智文化传媒有限公司,海文游艺057号,2017-12-28,北京市海淀区羊坊店路18号2幢4层401,北京市海淀区羊坊店路18号2幢4层401,杨廷现
北京浩鑫电子游戏有限公司,门文游12008,2017-12-27,双峪路35号院1号楼6层,双峪路35号院1号楼6层,余军
北京华信天晨休闲健身娱乐有限公司,海文游艺041号,2017-12-23,海淀区海淀大街42号1幢地下一层（局部）,海淀区海淀大街42号1幢地下一层（局部）,李德云
北京金尚嘉业娱乐有限责任公司,海文游艺046号,2017-12-23,海淀区花园路C2号,海淀区花园路C2号,朱文红
北京梦幻星空休闲健身娱乐有限公司,海文游艺051号,2017-12-23,海淀区清河安宁庄东路18号23号楼北侧一层,海淀区清河安宁庄东路18号23号楼北侧一层,徐世伟
北京福美乐彩文化有限公司,海文游艺003号,2017-12-22,北京市海淀区学清路甲18号五层,北京市海淀区学清路甲18号五层,孙志涛
北京伊冠联休闲健身娱乐有限公司,海文游艺004号,2017-12-22,海淀区花园路F2号二层,海淀区花园路F2号二层,熊云剑
北京盖姆科技有限公司,海文游艺005号,2017-12-22,海淀区远大路1号地下一层B12,海淀区远大路1号地下一层B12,苗在芳
北京耀逍遥电子游艺有限公司,海文游艺007号,2017-12-22,海淀区花园路甲13号院7号楼2层201号,海淀区花园路甲13号院7号楼2层201号,范三根
北京东方酷炫娱乐游艺有限公司,海文游艺010号,2017-12-22,海淀区复兴路42号15号楼三层北侧,海淀区复兴路42号15号楼三层北侧,薛国祥
北京乐彩阳光文化有限公司,海文游艺011号,2017-12-22,海淀区祁家豁子甲2号19号平房地下一层,海淀区祁家豁子甲2号19号平房地下一层,张文丽
北京鑫鑫圣达娱乐有限公司,海文游艺012号,2017-12-22,北京海淀区莲花池东路31号二层西北侧,北京海淀区莲花池东路31号二层西北侧,徐丽雪
北京金路高歌文化娱乐有限公司,海文游艺014号,2017-12-22,北京市海淀区上地信息路甲28号科实大厦B座负一层北侧,北京市海淀区上地信息路甲28号科实大厦B座负一层北侧,周永丰
北京市海淀魏公村游艺厅,海文游艺015号,2017-12-22,北京市海淀区魏公村小区甲29号,北京市海淀区魏公村小区甲29号,马广利
北京动感风暴娱乐有限公司,海文游艺019号,2017-12-22,海淀区知春路20号中国医药大厦西配楼（二、三层）,海淀区知春路20号中国医药大厦西配楼（二、三层）,李庆亮
北京维乐佳电子游艺有限公司,海文游艺020号,2017-12-22,海淀区北三环中路40号57幢二、三层,海淀区北三环中路40号57幢二、三层,崔高勇
北京丰盈阁娱乐有限公司,海文游艺021号,2017-12-22,海淀区花园北路甲12号二层,海淀区花园北路甲12号二层,徐波
北京紫雨风暴文化发展有限公司,海文游艺022号,2017-12-22,海淀区中关村大街18号6层A01号,北京市海淀区中关村大街18号六层A01,卢树春
北京银海漫游休闲健身娱乐有限公司,海文游艺026号,2017-12-22,北京市海淀区四道口2号1号楼1层,北京市海淀区四道口2号1号楼1层,余金梅
北京市海淀工人文化宫,海文游艺027号,2017-12-22,海淀区万柳华府北街2号（地下一层局部）,海淀区万柳华府北街2号（地下一层局部）,盛健
北京胜通盛世文化有限公司,海文游艺028号,2017-12-22,西苑草场5号畅春园饭店3号楼B01,西苑草场5号畅春园饭店3号楼B01,刘通
北京百乐无限电子游艺有限公司,海文游艺029号,2017-12-22,海淀区颐和园路208号8-11（一、二层局部）,海淀区颐和园路208号8-11（一、二层局部）,谢云
北京百川汇金娱乐中心,海文游艺030号,2017-12-22,海淀区金沟河路26号平房,北京市海淀区金沟河路26号平房,王建海
北京天界方舟电子游艺厅有限公司,海文游艺033号,2017-12-22,海淀区学院南路50号二层局部,海淀区学院南路50号二层局部,陈玉珠
北京超乐园科技发展有限公司,海文游艺034号,2017-12-22,海淀区宝盛里北里西区28号楼（五层局部）,海淀区宝盛里北里西区28号楼（五层局部）,孙永志
北京莱利娱乐有限公司,海文游艺035号,2017-12-22,海淀区远大路1号北京金源时代购物中心5-16-2,海淀区远大路1号北京金源时代购物中心5-16-2,苗在芳
北京科星乐园电子技术有限公司,海文游艺036号,2017-12-22,海淀区中关村南大街17号3号楼B01,海淀区中关村南大街17号3号楼B01,王雷
北京赢世纪元电子游艺有限公司,海文游艺038号,2017-12-22,海淀区远大西路29号地下一层,海淀区远大西路29号地下一层,孙翔涛
北京欧凯阳光科技有限公司,海文游艺039号,2017-12-22,海淀区清河毛纺路（清河供应站）7幢2层201,海淀区清河毛纺路（清河供应站）7栋2层201,吴永杰
北京超炫特电子游艺有限责任公司,海文游艺042号,2017-12-22,海淀区清河西小口路87号院1号楼三单元一层底商,海淀区清河西小口路87号院1号楼三单元一层底商,张小霞
北京悦客天地动漫科技发展有限公司,海文游艺043号,2017-12-22,海淀区小营安宁庄后街路北1号-209室,海淀区小营安宁庄后街路北1号-209室,陶楠楠
北京美辰嘉业电子游艺有限公司,海文游艺048号,2017-12-22,海淀区北蜂窝路102号4号楼二层,海淀区北蜂窝路102号4号楼二层,胡芦香
北京动彩阳光文化有限公司,海文游艺049号,2017-12-22,海淀区学清路甲8号1号综合楼5、6层中厅,海淀区学清路甲8号1号综合楼5、6层中厅,孙兴武
北京和永盛娱乐有限公司,海文游艺052号,2017-12-22,海淀区新街口外文慧园路10号,海淀区新街口外文慧园路10号,韩美英
北京中万娱乐中心,海文游艺054号,2017-12-22,海淀区恩济庄永安东里3号楼一层,北京市海淀区恩济庄永安东里3号楼一层,郝欣
北京科乐美文化传媒有限公司,海文游艺055号,2017-12-22,海淀区海淀大街5号二层夹层DEF2A1号,海淀区海淀大街5号二层夹层DEF2A1号,王佳
酷乐时代（北京）电子游艺中心有限公司,京兴娱（游艺）〔2015〕0054号,2017-12-13,北京市大兴区兴业大街（三段）32号-3,北京市大兴区兴业大街（三段）32号-3,刘军
北京聚益中通电子游艺有限公司,通游11034号,2017-12-13,北京市通州区梨园镇颐瑞中路DBC加州小镇C区27号商业楼中2-201、2-202号商铺,北京市通州区梨园镇颐瑞中路DBC加州小镇C区27号商业楼中2-201、2-202号商铺,李强
北京青春飞扬娱乐中心,京兴文娱025号,2017-12-08,北京市大兴区黄村镇双河南巷23号,北京市大兴区黄村镇双河南巷23号,李洪港
北京蓝极光电子游艺有限公司,京兴娱（游艺）〔2011〕0026号,2017-12-08,北京市大兴区旧宫镇小红门路39号地下一层,北京市大兴区旧宫镇小红门路39号地下一层,刘学琴
北京玩转京东电子游艺有限公司,京通娱（游艺）0001号,2017-12-03,北京市通州区临河里33号楼101-058、059,通州区临河里33号楼101-058.059,魏恒
北京市浩瀚乐谷游艺有限公司,京通娱（游艺）0002号,2017-12-03,砖厂南里23号楼2层206.207,北京市通州区砖厂南里23号楼2层206.207,文恒飞
北京华亚星光娱乐有限公司,门文游15009号,2017-12-03,双峪路35号院五层2号,双峪路35号院五层2号,童宇
北京得利佳电子娱乐有限公司,京兴文娱022号,2017-11-23,北京经济技术开发区荣华中路7号院4号楼-1层,北京经济技术开发区荣华中路7号院4号楼-1层,涂强
北京鑫利康达娱乐文化发展有限公司,京兴娱（游艺）〔2011〕0021号,2017-11-23,北京市北京经济技术开发区天宝园五里二区1幢C2号3层,北京市北京经济技术开发区天宝园五里二区1幢C2号3层,曹小兵
北京酷玩未来电子游艺有限公司,京兴娱（游艺）〔2011〕0024号,2017-11-23,北京市大兴区黄村镇狼垡村长丰园社区3号楼3层301-303室,北京市大兴区黄村镇狼垡村长丰园社区3号楼3层301-303室,吴德明
北京酷玩空间娱乐有限公司,京平文游019,2017-11-15,北京市平谷区向阳北街4号楼19-24,北京市平谷区向阳北街4号楼19-24,王月星
北京星锐达电玩城,京兴娱（游艺）〔2013〕0047号,2017-11-12,北京市大兴区旧宫镇旧头路33号楼二层,北京市大兴区旧宫镇旧头路33号楼二层,韩雪梅
北京梦幻地带电子游艺有限公司,京平文游006,2017-10-30,北京市平谷区平谷镇新开街31号楼1-2；2-2,北京市平谷区平谷镇新开街31号楼1-2；2-2,贝玉雷
北京瑞祥飞龙旺牛娱乐有限公司,京兴娱（游艺）〔2011〕0014号,2017-10-30,北京市大兴区黄村镇新居里S3号楼,北京市大兴区黄村镇新居里S3号楼,王志强
北京南极之星电子游艺有限公司,京兴娱（游艺）〔2011〕0016号,2017-10-30,北京市大兴区黄村镇小营路北（聚莎苑酒店院内）,北京市大兴区黄村镇小营路北（聚莎苑酒店院内）,侯文智
北京七彩炫动电子游艺有限公司,京兴娱（游艺）〔2011〕0017号,2017-10-30,北京市大兴区黄村镇黄村东大街1号2号楼2层,北京市大兴区黄村镇黄村东大街1号2号楼2层,刘吉光
北京乐酷达人电子游艺有限公司,京平文游005,2017-10-20,北京市平谷区新开街22-2、22-3,北京市平谷区新开街22-2、22-3,王力生
北京欢乐渔村电子游艺有限公司,京平文游014,2017-10-10,北京市平谷区城关镇旧城街47号,北京市平谷区城关镇旧城街47号,高永刚
北京天昊蛟龙娱乐有限公司,京兴娱（游艺）〔2011〕0011号,2017-09-28,北京市大兴区西红门镇宏盛路221号,北京市大兴区西红门镇宏盛路221号,刘振雨
北京红丽满娱乐有限公司,京兴娱（游艺）〔2011〕0013号,2017-09-28,北京市大兴区黄村镇黄徐路西侧31号楼2层,北京市大兴区黄村镇黄徐路西侧31号楼2层,孟繁旭
北京恒星鸿运电子游艺有限公司,京兴娱（游艺）〔2011〕0015号,2017-09-28,北京市大兴区兴华大街55-67#地下一层,北京市大兴区兴华大街55-67#地下一层,耿占东
北京光辉时尚电子游艺有限公司,京兴娱（游艺）〔2013〕0044号,2017-09-28,北京市大兴区三羊中路100号院2号楼2层,北京市大兴区三羊中路100号院2号楼2层,常鹏
北京七彩无限电子游艺有限公司,京兴文娱(游艺)0043号,2017-09-23,北京市大兴区西红门镇金星庄团河路18号B区北二层西侧,北京市大兴区西红门镇金星庄团河路18号B区北二层西侧,成宏秋
北京转幻空间电子娱乐有限公司,京兴文娱010号,2017-09-13,北京经济技术开发区天花园一里一区5号楼（地下一层）,北京经济技术开发区天花园一里一区5号楼（地下一层）,孟宪中
北京黄村千年火娱乐厅,京兴娱（游艺）〔2011〕0007号,2017-09-13,大兴区黄村镇兴丰南大街,大兴区黄村镇兴丰南大街,付颖
北京动漫地带电子科技有限公司,京兴娱（游艺）〔2011〕0012号,2017-09-13,北京市大兴区旧宫镇西毓顺路16号A区007号,北京市大兴区旧宫镇西毓顺路16号A区007号,黄足敏
北京鑫海星空电子游艺有限公司,京平娱（游艺）0026号,2017-09-03,北京市平谷区平谷镇金乡嘉园9号楼一层底商,北京市平谷区平谷镇金乡嘉园9号楼一层底商,马悦翔
北京龙运达娱乐有限公司,京兴娱（游艺）〔2011〕0005号,2017-09-02,北京市大兴区西红门镇同兴园社区服务用房1号,北京市大兴区西红门镇同兴园社区服务用房1号,耿成波
北京博大酷乐娱乐有限公司,京兴娱（游艺）〔2011〕0006号,2017-09-02,北京市大兴区黄村镇康庄路28号六层,北京市大兴区黄村镇康庄路28号六层,徐爱国
北京博大宏祥旺牛娱乐有限公司,京兴娱（游艺）〔2011〕0008号,2017-09-02,北京市大兴区黄村镇郁花园二里综合楼地下一层西半部,北京市大兴区黄村镇郁花园二里综合楼地下一层西半部,丁付明
北京辉腾世纪电子游艺有限公司,京兴娱（游艺）〔2011〕0009号,2017-09-02,北京市大兴区亦庄镇贵园南路4号,北京市大兴区亦庄镇贵园南路4号,贾志超
北京盛天博睿电子游艺有限公司,京平文游011,2017-09-01,北京市平谷区平谷镇新开街29号楼13-2,北京市平谷区平谷镇新开街29号楼13-2,赵燕舞
北京奇幻无间娱乐有限公司,京兴文娱004号,2017-08-28,北京市大兴区黄村镇兴丰大街西,北京市大兴区黄村镇兴丰大街西,孟宪中
北京喜乐汇电子游艺有限公司,京兴娱（游艺）〔2011〕0001号,2017-08-28,北京市大兴区黄村东大街38号院2号楼4层,北京市大兴区黄村东大街38号院2号楼4层,孟长江
北京酷玩地带娱乐有限公司,京兴娱（游艺）〔2011〕0003号,2017-08-28,大兴区黄村镇兴华路202号吉星德亿商业中心四层,大兴区黄村镇兴华路202号吉星德亿商业中心四层,邱建明
北京辉上电子游艺有限公司,11011574020150002,2017-08-25,北京市大兴区永兴路7号院9号商业楼206,北京市大兴区永兴路7号院9号商业楼206,涂建辉
北京金马飞翔电子游艺有限公司,京平文游003,2017-08-18,北京市平谷区世纪广场东侧（第三层）,北京市平谷区世纪广场东侧（第三层）,李佳
北京鑫顺勤达电子游艺有限责任公司,通游11010号,2017-08-17,北京市通州区台湖镇定海园小区一里11号楼一层,北京市通州区台湖镇定海园小区一里11号楼一层,刘齐涛
北京鱼来旺电子游艺有限公司,通游2015001号,2017-08-17,北京市通州区新海东路15号楼3层301、4层501,北京市通州区新海东路15号楼3层301 4层501,朱丽丽
灿鸿酷玩（北京）电子游艺有限公司,京平文游010,2017-08-06,北京市平谷区平谷镇旧城街37号,北京市平谷区平谷镇旧城街37号,李纪森
北京时空梦幻电子游艺有限公司,京兴娱（游艺）〔2013〕0040号,2017-08-04,北京市大兴区黄村镇林校路69号院（69-3）（69-4）二层,北京市大兴区黄村镇林校路69号院（69-3）（69-4）二层,赵振义
北京天和星电子游艺有限公司,京兴娱（游艺）〔2015〕0051号,2017-07-19,北京市大兴区芦宋路1号1幢1-2层,北京市大兴区芦宋路1号1幢1-2层,于静涛
北京鑫展鸿电子娱乐有限公司,京兴娱（游艺）〔2013〕0042号,2017-07-15,北京市大兴区黄村镇金星西路3号及3号院3号楼3F-22B,北京市大兴区黄村镇金星西路3号及3号院3号楼3F-22B,安刘娜
北京奇幻境电子游艺有限公司,京兴娱（游艺）〔2013〕0041号,2017-06-19,北京市大兴区西红门镇团河路1号1幢3层,北京市大兴区西红门镇团河路1号1幢3层,张凤
北京零度空间电子游艺有限公司,京兴文娱（游艺）0039号,2017-05-27,北京市北京经济技术开发区康定街18号1号楼三层,北京市北京经济技术开发区康定街18号1号楼三层,崔松柏
北京动力幻想文化发展有限公司,京兴娱（游艺）〔2015〕0030号,2017-05-21,北京市大兴区旧宫镇旧桥路12号院19号楼地下一层,北京市大兴区旧宫镇旧桥路12号院19号楼地下一层,刘华鑫
北京云峰星娱乐城,京兴娱（游艺）〔2011〕0002号,2017-04-21,大兴区黄村镇富强4号地下一层,大兴区黄村镇富强4号地下一层,牟秀英
北京炫酷娱乐有限公司,京朝文娱365,2017-04-19,北京市朝阳区望京园605号楼5层601-602室,北京市朝阳区望京园605号楼5层601-602室,李丹江
北京越尚时光电子游艺有限公司,京兴娱（游艺）〔2013〕0038号,2017-04-15,北京市大兴区旧宫镇德茂庄西毓顺路甲1号3层,北京市大兴区旧宫镇德茂庄西毓顺路甲1号3层,陈超
北京竞技达人电子游艺有限公司,京兴娱（游艺）〔2013〕0037号,2017-02-26,北京市大兴区西红镇宏盛园小区商业综合楼1号楼一层,北京市大兴区西红镇宏盛园小区商业综合楼1号楼一层,成宏秋
北京鑫新时代娱乐有限公司,京平娱（游艺）〔2014〕0016号,2017-02-15,北京市平谷区平谷镇旧城街37号（1号楼）,北京市平谷区平谷镇旧城街37号（1号楼）,赵宝珠
北京森林地带电子游艺有限公司,京兴文娱028号,2017-02-15,北京市大兴区黄村镇黄村东大街56号四层,北京市大兴区黄村镇黄村东大街56号四层,程录军
北京奇幻星空电子娱乐有限公司,京兴文娱2014050号,2017-01-29,北京市大兴区黄村镇市场路139号四层,北京市大兴区黄村镇市场路139号四层,白岩
北京绿谷兴旺电子游艺有限公司,京平文游015,2017-01-27,平谷区平谷镇兴谷开发区10号区,平谷区平谷镇兴谷开发区10号区,高淑红
北京兴进拓宇娱乐有限公司,京兴文娱(游艺)0049号,2017-01-13,北京市大兴区丽园路30号院25号楼1层至2层105,北京市大兴区丽园路30号院25号楼1层至2层105,孙淑娟
北京七彩永利游乐园有限责任公司,昌文游201114号,2016-12-31,昌平区昌平镇北环路北(原物资公司),昌平区昌平镇北环路北(原物资公司),熊润
北京市昌盛年华文化传媒有限公司,昌文游201123号,2016-12-31,昌平区回龙观镇回南路9号院28号楼2层,昌平区回龙观镇回南路9号院28号楼2层,甘满珍
北京山河兄弟娱乐有限公司,京昌娱（游艺）〔2012〕0019号,2016-12-31,昌平区昌崔路203号沃尔玛购物广场东侧四楼,昌平区昌崔路203号沃尔玛购物广场东侧四楼,华生辉
北京鑫沐垣体育发展有限公司,京昌娱（游艺）〔2012〕0021号,2016-12-31,北京市昌平区回龙观镇北清路1号院7号楼-01层7-3B-164,北京市昌平区回龙观镇北清路1号院7号楼-01层7-3B-164,佟明科
北京法华里娱乐中心,京东游艺04号,2016-12-31,北京市东城区青年湖北街4号3层（南侧）,北京市东城区青年湖北街4号3层（南侧）,陈宜香
北京金伦股份有限公司,京东游艺07号,2016-12-31,北京市东城区崇文门外大街40号,北京市东城区崇文门外大街40号,闫广亮
北京市秧满宏电玩城,京东游艺30号,2016-12-31,北京市东城区东直门外大街48号东方银座C座地下一层01号,,李和喜
北京炫动全城娱乐有限公司,京东游艺35号,2016-12-31,北京市东城区东直门内大街288号一层26、27号及地下一层32号,北京市东城区东直门内大街288号一层26、27号及地下一层32号,李彬
北京风影世纪娱乐有限公司,京丰娱（游艺）0071号,2016-12-31,东铁营街道塔园12号9幢二层2003号,东铁营街道塔园12号9幢二层2003号,李俊杰
北京鼎雄电子游艺厅,京丰娱（游艺）〔2010〕0012号,2016-12-31,北京市丰台区横七条44号院1号商业一层,北京市丰台区横七条44号院1号商业一层,张岩
北京峡谷达人游乐园有限公司,京丰娱（游艺）〔2011〕0017号,2016-12-31,北京市丰台区南三环西路16号1号楼F6、01-05商铺,北京市丰台区南三环西路16号1号楼F6、01-05商铺,徐敏杰
北京大航海电子游艺有限公司,京丰娱（游艺）〔2011〕0031号,2016-12-31,北京市丰台区大成里春园1号二层,北京市丰台区大成里春园1号二层,李宽恒
北京胜龙时空电子游艺有限公司,京丰娱（游艺）〔2011〕0040号,2016-12-31,北京市丰台区云岗南区西里8号,北京市丰台区云岗南区西里8号,杨小刚
北京动感世纪娱乐有限公司,京丰娱（游艺）〔2012〕0054号,2016-12-31,北京市丰台区南苑警备东路6号二区航空装备研究所保障服务楼地下一层北段,北京市丰台区南苑警备东路6号二区航空装备研究所保障服务楼地下一层北段,刘艳龙
北京民辉文化传媒有限公司,京丰娱（游艺）〔2012〕0060号,2016-12-31,北京市丰台区大成南里三区13号楼F5-8,北京市丰台区大成南里三区13号楼F5-8,张兴慧
北京酷乐年华游艺娱乐有限公司,京丰娱（游艺）〔2012〕0062号,2016-12-31,北京市丰台区丰台镇南开西里23号楼一层,北京市丰台区丰台镇南开西里23号楼一层,刘波
北京和丰金娱乐有限公司,京丰娱（游艺）〔2014〕0056号,2016-12-31,北京市丰台区科学城恒富中街9号楼2-3层,北京市丰台区科学城恒富中街9号楼2-3层,付学军
北京智乐岛文化发展有限公司,京丰娱（游艺）〔2016〕0070号,2016-12-31,开阳路8号六层601-02,北京市丰台区开阳路8号六层601-02,周钦勇
密云大剧院,密文娱游01,2016-12-31,密云县鼓楼西大街1号,密云县鼓楼西大街1号,唐勇
北京顺鑫中盛国际会议中心有限公司电子游艺厅,顺文娱122号,2016-12-31,北京市顺义区潮白河畔李遂镇西侧（顺鑫绿色度假村2层1号）,北京市顺义区潮白河畔李遂镇西侧（顺鑫绿色度假村2层1号）,杨文海
北京荣龅缤娉怯邢薰司,顺文娱134号,2016-12-31,北京市顺义区南法信镇金关北二街3号院1号楼101室,北京市顺义区南法信镇金关北二街3号院1号楼101室,崔伟洋
北京金圣电玩城,延文游2015004号,2016-12-31,北京市延庆县延庆镇东外大街99号1008室,北京市延庆县延庆镇东外大街99号1008室,陈岩
北京依本电子娱乐有限公司,京兴文娱(游艺)0048号,2016-11-14,北京经济技术开发区鹿海园四里9号楼-1层-1001号,北京经济技术开发区鹿海园四里9号楼-1层-1001号,陶红亮
北京市紫光影城,京朝文娱157,2016-09-30,朝阳区朝外大街10号蓝岛西区5-6层,朝阳区朝外大街10号蓝岛西区5-6层,温京鸣
北京高博飞扬文化娱乐有限公司,京朝文娱416,2016-09-30,,,
北京亚辰京宝电玩城有限公司,京朝娱（游艺）〔2012〕0376号,2016-09-30,朝阳区南沙滩66号院一号楼2层1-4-（2）,朝阳区南沙滩66号院一号楼2层1-4-（2）,张贺
北京智都亿佳娱乐有限公司,京朝娱（游艺）〔2012〕0383号,2016-09-30,北京市朝阳区小营东路3号地下一层,北京市朝阳区小营东路3号地下一层,刘洪彬
北京火烧云电子游艺厅有限公司,京朝文娱384,2016-02-04,北京市朝阳区甘露园南里18号楼西段18-4-1、18-4-2,北京市朝阳区甘露园南里18号楼西段18-4-1、18-4-2,冯兴杨
北京嘉福娱乐城,怀文娱0902,2016-01-18,,,
北京京北玩转天下休闲娱乐有限公司,怀文娱201104,1970-02-01,,,
北京三鼎娱乐城,怀文娱201106,1970-02-01,,,
北京玩家会动漫文化有限公司,昌文游041号,,昌平区城北街道南环路10号院1号楼五层L5017,,何在洋
北京悠景创艺文化交流有限公司,昌文游042号,,昌平区鼓楼南街6号四层,,孔凡东
北京恒源汇丰游乐园有限公司,昌文游201101号,,昌平区昌平镇鼓楼西街12号楼地下一层,,邢仲山
北京联英顺世商贸有限公司,昌文游201102号,,昌平区城北街道府学路16号,,高玉伟
北京同乐开心游乐园有限公司,昌文游201103号,,昌平区马池口镇社区服务中心南大厅东侧厅,,高崇
北京富和盛世文化娱乐有限公司,昌文游201104号,,昌平区回龙观镇西大街19号二层,,胡伟伟
北京天利伟业文化娱乐有限公司,昌文游201105号,,昌平区政府街西路19号四层,,李耕
北京东恒汇鑫电子技术有限责任公司,昌文游201106号,,昌平区鼓楼南大街车厢胡同45号,,张恒
北京欢乐豆文化交流有限公司,昌文游201107号,,昌平区回龙观镇居住区A8区配套商业楼二层,,高阳
北京喜福佳运文化娱乐有限公司,昌文游201108号,,昌平区东小口镇天通苑北三区B03区1号楼三层,,高远
北京欢乐之城电子科技有限公司,昌文游201109号,,昌平区东小口镇天通苑三区10号楼地上一层和地下一层（原天通苑405号楼）,,熊礼云
北京锦祥逢缘文化交流有限责任公司,昌文游201110号,,昌平区昌平镇府学路26号,,陈辉
北京易币文化传播有限公司,昌文游201111号,,昌平区昌平镇城北北街道府学路33号,,王岭
北京梦幻之城娱乐有限公司,昌文游201112号,,昌平区鼓楼南街12号,,张妍
北京酷迪电子休闲娱乐有限公司,昌文游201113号,,昌平区城北街道西环路7号四层,,强小兵
北京彩色马科技发展有限公司,昌文游201115号,,昌平区立汤路188号北方明珠大厦地下一层,,刘学
北京乐佳天地动漫科技有限公司,昌文游201116号,,昌平区东小口镇立汤路188号院北方明珠大厦五层,,赵能发
北京鑫辉佳业文化娱乐有限公司,昌文游201117号,,昌平区昌平镇水南路2号楼地下一层,,吴秋萍
北京旭飞联动文化娱乐有限公司,昌文游201118号,,昌平区沙河镇巩华城大街84号,,沈晓雨
北京酷派文化娱乐有限责任公司,昌文游201120号,,昌平区东小口镇天通苑西苑三区713#、801#、802#楼,,张和成
北京鑫沐垣体育发展有限责任公司,昌文游201121号,,昌平区回龙观镇二拨子村南侧物业楼三层,,唐美兰
北京火骑士文化有限公司,昌文游201122号,,昌平区回龙观镇回龙观西大街18号（地下一层C区）,,李霞
北京幸运快线文化娱乐有限公司,昌文游201124号,,昌平区东小口镇天通苑东苑东三区2号楼B825门地下一层,,赵宝海
北京昌都金典文化娱乐有限公司,昌文游201125号,,昌平区昌平镇西环路26号楼,,冯薪晓
北京世纪共创文化娱乐发展有限公司,昌文游201126号,,昌平区昌平镇鼓楼西大街(原昌平菜市场三层),,崔凤宝
北京泰百合文化中心,昌文游201127号,,昌平区回龙观东大街3号楼负1层02号,,吴迎迎
北京兄弟盛和文化娱乐有限公司,昌文游201128号,,昌平区回龙观镇东大街3号楼01号-1层,,李永亮
北京华辰星际文化发展有限公司,昌文游201129号,,昌平区东小口镇立汤路186号,,陈春红
北京炎鼎文化交流有限公司,昌文游201130号,,昌平区城南街道水南路10号楼（地下一层及地上二层）,,史传富
北京荏苒时光娱乐有限公司,昌文游201131号,,昌平区东小口镇天通苑东苑三区2号楼6门地下一层、地上一、二层,,刘百君
北京欢乐东村娱乐有限公司,昌文游201132号,,昌平区北七家镇立汤路58号1幢奥北宝迪酒店地下一层,,张则枉
北京永旺达游乐科技有限公司,昌文游201133号,,昌平区回龙观镇西大街19号北店时代广场C段四层,,孔俊
北京红鼎黑石文化娱乐有限公司,昌文游201134号,,昌平区昌平镇南环路26号地下一层,,董亮
北京禄路通达文化发展有限公司,昌文游201135号,,昌平区沙河镇松兰堡村委会西侧,,屈如新
北京名云舟电子游艺有限公司,昌文游201136号,,昌平区回龙观镇建材城西路87号院4号楼地下一层（西三旗环岛东北角）,,王云名
北京吉祥列车文化娱乐有限公司,昌文游201137号,,昌平区沙河镇松兰堡村西沙河宾馆3楼,,陆原
北京市渔人码头电玩城有限公司,昌文游201138号,,昌平区沙河镇于辛庄村(北摩高科西侧)三层,,郭守兵
北京市昌运胜华文化传媒有限公司,昌文游201139号,,昌平区北七家镇天通苑东苑三区56号楼2门1、3、4层，3门3、4层,,刘午宝
北京天王星动漫科技有限公司,昌文游201140号,,昌平区佳运园26号楼2层205-212,,李平
北京九华山庄国际保健俱乐部集团有限公司,昌文娱001,,昌平区小汤山镇葫芦河村北,,夏敏
北京中祥瑞娱乐有限公司,房文游016,,北京市房山区良乡西潞大街甲2号,,张野
北京精灵兔娱乐有限公司,房文游017,,北京市房山区城关街道农林路2号7号楼（7-1.2.3）,,张建
北京小芹紫函电子游艺有限公司,房文游021,,北京市房山区城关北大寺街,,卢小芹
北京安妮娱乐有限公司,房文游024,,北京市房山区良乡西潞南大街5号,,李国家
北京市依多娱乐有限公司,丰文游001,,北京市丰台区慧时欣园10号楼一层,,张文献
北京诚信文化娱乐中心竹林电子游艺厅,丰文游002,,北京市方庄芳古园一区29号楼1-1-1,,倪竹（负责人）
北京诚信文化娱乐中心万柳电子游艺厅,丰文游005,,北京市丰台区马家堡西路15号三层,,滕强d（负责人）
北京诚信文化娱乐中心丰成电子游艺厅,丰文游006,,北京市丰台区海户西里1号地下一层,,张明（负责人）
北京诚信文化娱乐中心仁乐电子游艺厅,丰文游008,,北京市丰台区大成路21号2-4号（二层）,,钱兴胜（负责人）
北京诚信文化娱乐中心电脑人电子游艺厅,丰文游009,,北京市丰台区西罗园四区南二段（亿兴西罗园商场三层）,,么庆禄（负责人）
北京诚信文化娱乐中心同翔电子游艺厅,丰文游011,,北京市丰台区大红门北路西侧3号楼二层,,孙翔涛（负责人）
北京金鑫娱乐中心第一分部,丰文游013,,北京市丰台区太平桥15号地下一层,,王照需（负责人）
北京万柳桥台球城电子游艺厅,丰文游014,,北京市丰台区花乡育芳园小区49号-2号,,吕玲（负责人）
北京天地和辉娱乐城,丰文游015,,北京市丰台区大红门永南路25号地下一层,,田丽敏
北京诚信文化娱乐中心和平电子游艺厅,丰文游016,,北京市丰台区东高地万源西里36栋-甲44栋地下一层,,倪竹（负责人）
北京金鑫娱乐中心第二分部,丰文游018,,北京市丰台区新发地168号综合商业楼一层,,曹文亮（负责人）
北京悦鑫方舟娱乐有限公司,丰文游019,,北京市丰台区三顷地甲2号综合楼二层,,葛玲霞
北京天地和辉娱乐城第二技术服务部,丰文游020,,北京市丰台区西四环南路66号6幢二层201室,,王长迪
北京天地和辉娱乐城第三技术服务部,丰文游021,,北京市丰台区大红门路7号三层,,王长思
北京酷玩天地娱乐有限公司,丰文游023,,北京市丰台区首经贸中街8号楼三层东侧,,孙成涛
北京聚焦空间娱乐城,丰文游024,,北京市丰台区卢沟桥晓月中路2号二层,,宁兆吉
北京十彩缤纷娱乐中心,丰文游026,,北京市丰台区马家堡路118号地下一层,,高春英
北京环游世纪娱乐有限公司,丰文游028,,北京市丰台区南大红门警备东路6号二区东门综合楼三层,,王明忠
北京十利通娱乐有限公司,丰文游029,,北京市丰台区西四环中路77号12号楼地下一层,,高建军
北京诚信文化娱乐中心酷玩达人电子游艺厅,丰文游030,,北京市丰台区宋庄路71号院1号楼三层,,于爱平（负责人）
北京福星欣月娱乐有限公司,丰文游032,,北京市丰台区左安门外南方庄68号楼地下一层,,齐铭
北京维尼电玩乐园电子游艺厅有限公司,丰文游033,,北京市丰台区新村1里15号二层,,白涛
北京时代巨酷娱乐有限公司,丰文游034,,北京市丰台区丰台文体路58号一层,,曹文亮
北京诚信文化娱乐中心万隆达电子游艺厅,丰文游037,,北京市丰台区万丰路308号一层,,王明宇（负责人）
北京喜乐门电子游艺有限责任公司,丰文游038,,北京市丰台区丰西北里3号楼西侧1号楼二层,,杨贵
北京腾龙时空电子游艺有限公司,丰文游041,,北京市丰台区朱家坟五里二号院44号楼二层,,杨小刚
北京达人世集休闲健身娱乐有限公司,丰文游042,,北京市丰台区西四环南路8-1号1幢三层301-1号,,邱群
北京时代巨人康体健身俱乐部,丰文游043,,北京市丰台区南三环中路67号6号楼地下一层,,颜军士
北京宏运世纪电子游艺厅,丰文游045,,北京市丰台区长辛店杜家坎南路5号商业楼A座3层西侧,,田金库
北京梦羽嘉体育文化发展有限公司,丰文游046,,北京市丰台区双庙村125号院1号楼地下室,,陈嘉骅
北京梦幻世界电子游艺有限公司,丰文游047,,北京市丰台区西马场南里一区28号楼二层,,王景斌
北京乐友易高文化发展有限公司,丰文游048,,北京市丰台区城南嘉园益城园14号楼4层F06/16/17,,李胜勇
北京天开世纪电子游艺有限公司,丰文游049,,北京市丰台区万丰路526号一层,,吕鹏
北京环游嘉年华电子游艺有限公司,丰文游050,,北京市丰台区马家堡东路101号院10号楼5层,,李兴国
北京丰岳酷乐文化有限公司,丰文游051,,北京市丰台区青塔西路58号院22号楼201、301―306号,,毛凯
北京天地和辉娱乐城第四技术服务部,丰文游052,,北京市丰台区丰管路16号1号楼2001号,,王长迪（负责人）
北京聚银良润文化发展有限公司,丰文游055,,北京市丰台区右安门外大街2号楼C段-4,,邱德华
北京韵泽大地电子游艺有限公司,丰文游057,,北京市丰台区南苑镇新华路12号1、2幢,,黄伟
北京康闲世纪康体健身俱乐部,丰文游061,,北京市丰台区南方庄2号院2号楼2幢201室,,曹小兵
北京梦幻龙福娱乐有限公司,丰文游063,,北京市丰台区小井村4号综合商业楼地下一层局部、一层局部、二层局部,,孙海舟
北京得利佳电子娱乐有限公司骏景电子娱乐分公司,丰文游066,,北京市丰台区果园7号楼B1层B188号,,赵雅茹
北京福源高地文化娱乐有限公司,丰文游067,,北京市丰台区东高地南街7号二层,,崔怀军
北京诚信文化娱乐中心快乐达人电子游艺厅,丰文游068,,北京市丰台区靛厂商业街4号楼一层东侧,,王明宇（负责人）
北京鑫牛旺电玩城,丰文游069,,北京市丰台区马家堡路180号地上一层南侧地下一层南侧,,艾鑫
合信（北京）娱乐有限公司,海文游艺001号,,北京市海淀区花园路2号33号楼商业一、二层,,
北京天和照丰文化发展有限公司,海文游艺002号,,北京市海淀区羊坊店路21号地下一层西北角,,
北京乐鑫娱乐有限公司,海文游艺008号,,海淀区中关村大街11号中关村E世界数码商城(地下一层),,
北京酷秀时空娱乐有限公司,海文游艺017号,,海淀区西三环北路21号二层,,
北京世纪友佳休闲健身娱乐有限公司,海文游艺031号,,海淀区翠微路12号新华联商业大厦4层商业5A07-10.11.12号,,
北京欢乐维尼娱乐有限公司,海文游艺037号,,海淀区知春路甲48号4号楼3001,,
北京雄京电子游艺有限公司,海文游艺044号,,海淀区清河勇泰园甲1号综合楼地下一层,,
北京南梦宫娱乐有限责任公司,海文游艺045号,,海淀区圆明园西路18号中发百旺商城5层5001号,,
北京八号达人休闲娱乐有限公司,海文游艺049号,,海淀区学清路甲8号1号综合楼5、6层中厅,,
北京科美乐文化传媒有限公司,海文游艺050号,,海淀区双清路88号3层304号三层,,
北京梦幻空间休闲健身娱乐有限公司,海文游艺051号,,海淀区清河安宁庄东路18号23号楼一层,,
北京恒德利电子游艺有限责任公司,海文游艺053号,,海淀区中关村大街18号8层03号,,
北京中方娱乐中心,海文游艺054号,,海淀区恩济庄永安东里3号楼一层,,
北京欢乐悦动电子游艺有限公司,怀文娱006,,怀柔区府前街14号六层东侧,,邱晓婕
北京酷玩红蜻蜓台球娱乐有限公司,怀文娱016-01,,怀柔区青春路丙2号1幢3层,,邱雄
北京富丽华娱乐城,怀文娱0704,,怀柔区青春路北,,赵怀江
北京京北乐翻天休闲娱乐有限公司,怀文娱0706,,怀柔区青春路15号,,刘景旺
北京华彩祥年电子游艺厅,怀文娱0707,,怀柔区南大街6号2层,,徐海东
北京乐爽娱乐有限公司,怀文娱201103,,怀柔区商业街38号,,黄志宪
北京红火娱乐有限公司,怀文娱201105,,怀柔区开放路西金台园1号-B1,,崔景刚
北京雁来缘电子游艺厅,怀文娱201202,,范各庄村,,王洪彬
北京红霞影剧院,京朝文娱147,,朝阳区酒仙桥红霞路13号,,王超英
北京新纳电子技术发展有限责任公司,京朝文娱148,,朝阳区左安东路1号,,武斌
北京奥罗云顶游艺宫有限公司,京朝文娱149,,朝阳区建国门外大街甲1号金之桥大厦北侧1层,,武斌
北京奥罗云顶游艺宫有限公司崇圣分公司,京朝文娱150,,朝阳区西大望路甲27号,,张玉华
北京奥罗云顶游艺宫有限公司团结湖分公司,京朝文娱151,,朝阳区团结湖路7号,,武斌
北京市曙光影剧院,京朝文娱152,,朝阳区化工里5号,,冯启安
北京工体钰泰保龄球网球中心有限公司,京朝文娱173,,朝阳区工体北路(北京工人体育场),,黄朝扬
杭州神采飞扬娱乐有限公司北京体育发展分公司,京朝文娱256,,朝阳区建国路93号院B座3层298号,,
北京恒海胜娱乐有限公司,京朝文娱283,,北京市朝阳区阜通东大街6号院4号楼（方恒购物中心地下一层）,,崔立民
北京乐康体育文化发展有限公司,京朝文娱285,,朝阳区东三环中路65号南区5层,,舒红伟
北京美酷娱乐有限公司,京朝文娱358,,朝阳区广顺北大街33号院215号楼401号04-13、14铺位,,李花
北京快乐海洋娱乐有限公司,京朝文娱359,,北京市朝阳区金汇路101幢地下B1-02号,,张迪
北京万游万象文化娱乐有限责任公司,京朝文娱361,,北京市朝阳区北苑路42号四层,,黄余兰
北京快乐无限娱乐文化发展有限公司,京朝文娱363,,北京市朝阳区湖景东路Ⅱ段B1-01、B1-02,,张运京
北京巅峰时代娱乐有限公司,京朝文娱366,,北京市朝阳区华严北里甲1号28幢地下一层,,杨秀玲
北京锚起文化娱乐有限公司,京朝文娱367,,北京市朝阳区朝阳北路56号三层西部,,王永恩
北京坤艮恒际文化娱乐有限公司,京朝文娱368,,北京市朝阳区广顺北大街17号3层03层B03,,刘用见
北京俊景天地动漫科技有限公司,京朝文娱369,,北京市朝阳区十里堡北区炫特嘉园13号楼301,,朱金凤
北京极影休闲娱乐有限公司,京朝文娱370,,北京市朝阳区望京街9号商业楼3-2号,,马杰
金色火焰（北京）文化传媒有限公司,京朝文娱371,,北京市朝阳区东三环中路7号院7楼3-28、3-29、3-30,,张伟
北京乐果互动娱乐有限公司,京朝文娱373,,朝阳区松榆西里29号楼院1号楼一、二层,,李景涛
北京大富豪杰娱乐有限公司,京朝文娱375,,朝阳区大屯里312号楼1层21号、2层05号,,刘国军
北京航峰永祥动漫科技有限公司,京朝文娱380,,北京市朝阳区劲松南路9号一、二层,,吴爽
北京天豪时代游艺娱乐有限公司,京朝文娱381,,北京市朝阳区安外小营北路55号五层西侧,,李丹江
北京炜迪民科技发展有限公司,京朝文娱382,,北京市朝阳区青年西路3号院6号楼F1-20号,,邢哲炜
北京蓝海领域休闲健身娱乐有限公司,京朝文娱385,,北京市朝阳区鑫兆佳园15号楼3层0301,,高晓东
北京凯莉天明电玩城,京朝文娱386,,北京市朝阳区科荟路51号院10号楼-1层10001,,王魁涛
北京鑫路高歌文化娱乐有限公司,京朝文娱387,,北京市朝阳区朝阳路十里堡（北京印染厂南院）179号,,金鑫
北京锦绣旺盛电子游艺有限公司,京朝文娱397,,北京市朝阳区望京新城南湖西园126号楼二层,,曹锦旺
北京银色驱动力文化娱乐有限公司,京朝文娱402,,北京市朝阳区八里庄北里1号1号楼三层,,金鑫
北京东方基业国际商贸中心有限公司,京朝文娱405,,北京市朝阳区姚家园路甲1号北京东方基业国际汽车交易市场20号楼1-4层（4层西侧）,,王晓京
北京卡不空火龙鸟动漫制作有限责任公司,京朝文娱408,,朝阳区京奥家园186号商业二层05、06、07、08、09、10、11、12、20、21号,,贾京笙
北京世纪天河休闲娱乐俱乐部有限公司,京东游艺02号,,北京市东城区永定门外大街101－3号楼A区4层东南侧,,李晓燕
北京市天坛南里文化娱乐中心金头脑娱乐中心,京东游艺03号,,北京市东城区磁器口大街111号,,刘五丰
北京青年汇文化有限公司,京东游艺05号,,北京市东城区东打磨厂街7号地下一层（东侧局部）,北京市东城区东打磨厂街7号地下一层（东侧局部）,黄河
北京利波游艺厅,京东游艺06号,,北京市崇文区崇外大街5号地下1层,,何志东
北京万豪时代休闲俱乐部,京东游艺10号,,北京市东城区东水井胡同5号楼B1层,,马云飞
北京瑞鹤明星休闲俱乐部,京东游艺11号,,北京市东城区和平里六区8号楼（四层）北京市东城区东四北大街537号（东城区和平里中街8号）,,刘铭
北京致城沃克娱乐中心,京东游艺12号,,北京市东城区地安门东大街88号东侧一、二层,,李铁生
北京联华金通电子游艺厅,京东游艺15号,,北京市东城区崇文门内大街61号,,马明
北京双环俱乐部,京东游艺16号,,北京市东城区东中街9号（东环广场A座地下一层ED2-3）,,李楠
北京超逸圣娱乐有限公司,京东游艺20号,,北京市东城区珠市口大街12-12号一层,,马远锋
北京一三一四九台球俱乐部,京东游艺21号,,北京市东城区海运仓1号海运仓国际大厦B1-108,,张涛
北京美廉洪丰台球娱乐中心,京东游艺23号,,北京市东城区民旺园30号-5（三层、四层）,,高广辉
北京乐嘉新世纪娱乐有限公司,京东游艺24号,,北京市东城区东四北大街422号二层,,刘金辉
北京怡和贵家文化交流有限公司,京东游艺25号,,北京市东城区安定门外大街64号（一层、二层）,,赵婧怡
北京金旺辉娱乐有限公司,京东游艺27号,,北京市东城区东直门内大街288号一层局部、地下一层,,戴小琴
北京乐酷世界电子游艺有限公司,京东游艺28号,,北京市东城区广渠门内大街29号3层,,陈宜珍
北京乐嘉汇成文化发展有限公司,京东游艺29号,,北京市东城区东四西大街弓箭大院A、B座地下一层,,王伟
北京金莎勇力科技发展有限公司,京东游艺31号,,北京市东城区东四南大街8号三层6302,,闫海龙
北京隆安文化发展有限公司,京东游艺32号,,北京市东城区王府井大街253号9层,,王明忠
北京万国欢乐时代科技有限公司,京东游艺33号,,北京市东城区广渠门内大街90号地下一层局部,,王金梅
北京嘉茂加乐娱乐城,京怀文娱201201,,北京市怀柔区青春路甲68号楼,,孙晓峰
北京京东缘电子游艺有限公司,京平文游004,,北京市平谷区平谷镇旧城街36号,,张鑫
北京京东缘电子游艺有限公司,京平文游004,,北京市平谷区平谷镇旧城街36号,,于明远
北京天马红运电子游艺有限公司,京平文游007,,北京市平谷区平谷镇都丽豪廷2号楼1至3层2-1（二层）,,纪伟
北京蓝角电子游艺有限公司,京平文游013,,北京市平谷区南岔子街1号1至3层1―5,,贾立才
北京吉祥鳄电玩城有限公司,京平文游017,,北京市平谷区大兴庄镇顺福路甲2号1至3层，甲2-30、甲2-31、甲2-32,,张海伟
北京百川普纳娱乐有限公司,京平文游020,,北京市平谷区平谷镇金乡路甲3号,,张淑会
北京红博时代电玩城有限公司,京平文游021,,北京市平谷区都丽豪廷2号楼1至3层2―1（一层）,,谭硕
北京再辉煌娱乐有限公司,京兴文娱2011002号,,大兴区旧宫镇旧宫东路55号,大兴区旧宫镇旧宫东路55号,刘文强
北京海威明珠电子游艺有限公司,京兴文娱2011007号,,北京市大兴区兴政街28号苏宁电器B1,北京市大兴区兴政街28号苏宁电器B1,葛洪田
北京快乐佳朋休闲娱乐有限公司,京兴文娱2011018号,,北京市大兴区黄村镇富强路2号-104,北京市大兴区黄村镇富强路2号-104,陈相达
北京创世搏天娱乐中心,京兴文娱2011019号,,北京市大兴区双河北里41号楼,北京市大兴区双河北里41号楼,吴雪冰
北京金豪天地动漫科技有限公司,京兴文娱2011023号,,北京市大兴区黄村镇兴政东里17-2-301室,北京市大兴区黄村镇兴政东里17-2-301室,杨俊涛
北京百乐门电子游艺有限公司,京兴文娱2012030号,,北京市大兴区旧宫镇旧头路33号楼二层,北京市大兴区旧宫镇旧头路33号楼二层,李玉霞
北京龙泉宾馆有限公司电子游艺厅,门文游02001,,水闸北路21号,,刘伟
北京朋胜电子游戏有限公司,门文游11003,,双峪路5号奥新天地（地上八层）,,孙朋
北京鸿赢鼎盛娱乐有限公司,门文游12005,,冯村商业街B区二座四层403室,,张锐
北京云佛山旅游度假村有限公司,密文娱游02,,密云县溪翁庄镇东智西村,,王文勤
瑞海姆田园度假村有限公司,密文娱游04,,密云县西大桥路2号,,刘桂欣
北京娱游乐天台球俱乐部有限责任公司,密文娱游05,,密云县长安街6号楼10号,,邵强
北京丰业天成商贸有限公司,密文娱游06,,密云县新东路40号,,苏  轩
北京盛世万通电子游艺有限公司,密文娱游07,,密云县百世城商业街5号楼303-312号,,聂长硕
北京环游乐园文化传播有限公司,密文娱游08,,密云县新中街36号10号楼3层-4层,,赵士来
北京乐动新城电子游艺有限公司,密文娱游09,,密云县新中街51号二层,,李  勇
北京快乐互动电子游艺有限公司,密文娱游10,,密云县密云镇鼓楼南大街4号（红云楼三层）,,顾忠文
北京华达天宝电子游戏有限责任公司,密文娱游11,,密云县利宝公司商住楼B区5号（1-2层）,,刘雅杰
北京宝潞淇文化传播有限责任公司,密文娱游12,,密云县密云镇西鱼市口13号1幢5层,,朱立明
北京环游鑫龙文化传播有限公司,密文娱游13,,密云县檀西路东侧（超市发三层）,,赖秀中
北京六维空间文化传播有限公司,密文娱游16,,密云县太师屯镇太师屯村东（原京太商场1幢二层）,,赖良坤
北京世纪彩虹通讯器材销售服务中心,密文娱游17,,密云县密云镇鼓楼南大街兴旺市场东侧（二层）,,李刚
北京通利爱动休闲健身娱乐活动有限公司,密文娱游18,,密云县通城胡同8号楼22室,,王林林
北京颐乐天电子游艺有限公司,密文娱游19,,密云县康居南区综合楼（二层东侧）,,赵宗库
北京自然风体育文化发展有限公司,石文电游_5号,,北京市石景山区石景山路乙18号院4号楼一层101东南角,,喻江敏
北京天际乐园电子游艺厅,顺文娱100号,,李桥镇南半壁店樱花园小区路106号,,鄂洪军
北京天赐酷宇电子游艺厅,顺文娱101号,,怡馨家园21号楼21-26,,李海成
北京顺新乐园电子游艺厅,顺文娱102号,,新顺南大街18号新世界千姿百货七层,,王淳
北京悦丰赢电子游艺厅,顺文娱103号,,杨镇下坡村村委会东100米（中心街南6号）,,孙兴书
北京炫酷空间电子游艺厅,顺文娱104号,,北小营镇北小营村村委会南侧100米,,李小波
北京天赐乐园电子游艺厅,顺文娱106号,,首都机场南平东里乙1号,,宋长英
北京杰宇通电子游艺厅,顺文娱107号,,马坡镇佳和宜园小区1号楼108-109室,,马捷
北京恒泰智电子游艺厅,顺文娱109号,,顺义区站前建2号,,焦恒
北京欣欣炫彩电子游艺厅,顺文娱110号,,后沙峪镇香花畦家园甲一号地下一层1010号,,李伟
北京金色炫动电子游艺厅,顺文娱112号,,仁和镇石园南大街18号院3幢201,,付建
北京裕龙宏辉电子游艺厅,顺文娱116号,,顺义区裕龙小区三区7号楼7-3、7-4,,郑振
北京逍遥岛电子游艺厅,顺文娱121号,,顺义区府前西街南侧10号3层,,高峰
北京辉煌天地电子游艺厅,顺文娱130号,,顺通路19号（夜城大厦三层）,,李成龙
北京顺义隆华购物中心电子游艺厅,顺文娱1号,,顺义区新顺南大街,,孙荣欣
北京怡生园国际会议中心,顺文娱2号,,顺义区北小营镇后礼村西,,石剑波
北京天蒙乐园电子游艺厅,顺文娱85号,,顺义区站前北街78号,,赵艳玲
北京天乐谷电子游艺厅,顺文娱88号,,顺义区天竺镇天竺家园17号楼,,刘利华
北京市酷游世界电子游艺厅,顺文娱89号,,顺义区光明街道裕龙二区甲9号,,陈剑
北京酷玩部落电子游艺厅,顺文娱90号,,顺义区金汉绿港家园AS2楼326-327,,孙晓峰
北京黑湖电子游艺厅,顺文娱93号,,顺义区站前街2号,,崔长松
北京淘乐岛电子游艺厅,顺文娱94号,,牛栏山镇昌金路博侧原牛栏山粮食收储库办公楼,,陈妍竹
北京悠乐堂电子游艺厅,顺文娱95号,,高丽营镇顺沙路三村村委会东50米,,王建
北京韵声阁电子游艺厅,顺文娱97号,,仁和地区石园炫路南侧,,刘小刚
北京春晖园文化娱乐有限责任公司,顺文娱98号,,高丽营镇于庄,,叶晖
北京黄金峡谷电子游艺厅,顺文娱99号,,马坡镇白马路顺成大街29号北京乡村乐园4层,,刘占敏
北京玩益玩餐饮文化传播有限公司,通游11001号,,北京市通州区梨园镇云景东路1号A段6层,,杨  波
北京阿威金马文化传媒有限公司,通游11002号,,北京市通州区马驹桥镇中路1号（金马商场三层）,,张守全
北京鑫柜餐饮娱乐有限公司,通游11004号,,北京市通州区通惠南路6号,,解  磊
北京创世游文化娱乐有限公司,通游11009号,,北京市通州区瑞都景园北区1A号楼商业4层C401,,纪  昊
北京玩名堂科技有限公司,通游11011号,,北京市通州区梨园北街186号,,徐京宁
北京科宇万隆商贸有限公司,通游11013号,,北京市通州区乔庄北街236、238、240、242号,,周兴利
北京天照朵电子游艺有限公司,通游11014号,,北京市通州区通胡大街25号3层,,刘  琦
北京优诺品航科技有限公司,通游11015号,,北京市通州区芙蓉园310号（京贸家园小区）商业16号,,仪洪峰
北京嘉佰利电子游艺有限公司,通游11016号,,北京市通州区通胡大街23号201,,徐  岳
北京天赐情缘餐饮娱乐有限公司,通游11018号,,北京市通州区物资学院路甲18号,,孙占库
北京七彩星辰电子游艺有限公司,通游11019号,,北京市通州区龙旺路路西京客隆超市3层,,顾成勇
北京都市时光电子游艺有限公司,通游11021号,,北京市通州区西集镇国防路27号,,李宝珠
北京月光城电子游艺厅有限公司,通游11022号,,北京市通州区宋庄镇小堡村艺术大街18号院内,,周  勇
北京康悦新城电子游艺有限公司,通游11024号,,北京市通州区永顺镇潞苑南里3号22号楼商8商9,,张领弟
北京乐天世界电子游艺有限公司,通游11026号,,北京市通州区北苑南路10号,,范明遥
北京倾城奇侠电子游艺有限公司,通游11027号,,北京市通州区梨园镇大马庄村南商业楼2层,,付开军
北京洲际星空国际动漫科技有限公司,通游11031号,,北京市通州区宋庄镇徐辛庄村委会西300米,,万益华
北京酷尚电子游艺有限公司,通游11032号,,北京市通州区张家湾镇北大化村东（北京五木服装有限公司）底商1-2层,,刘齐涛
北京玩玩吧电子游艺有限公司,通游12035号,,北京市通州区金龙街3号,,王  楠
北京欢乐新月电子游艺有限公司,通游12037号,,北京市通州区马驹桥镇二街村（原马驹桥商场三层）,,高  歌
北京富乐汇文化传媒有限公司,通游12040号,,北京市通州区永顺西里46号楼底商,,付长辉
北京游乐港湾电子游艺厅有限公司,通游12041号,,北京市通州区玉桥中路58号鑫隆市场3楼,,朱长英
北京梦想巅峰电子游艺有限公司,通游12042号,,北京市通州区梨园镇孙王场农贸市场3号4号,,侯士萍
北京阳光岛文化传播有限公司,通游12047号,,北京市通州区云景东路10-2号1层、2层,,周雪峰
北京市百变星城电子游艺有限公司,通游13049号,,北京市通州区九棵树1020号,,张鑫
北京天悦酷玩文化传播有限公司,通游14001号,,北京市通州区新华西街58号1号楼万达广场3层3FA,,姚红新
北京月光城电子游艺厅有限公司,通游14002号,,北京市通州区杨庄北里14号楼天时名苑购物中心F4-01,,陈冬梅
北京华远西单购物中心有限公司西单文化广场分公司,西文游第02号,,西单北大街180号（西单文化广场地下一层）,,陈奕军/于锦义
北京华威佳佳游戏厅,西文游第03号,,西单北大街130号(八层),,黄长印/李大庆
中印集团文化有限责任公司北京动感时光电子游艺厅,西文游第08号,,红莲南路57号,,
北京金宝乐动漫科技有限公司,西文游第10号,,广安门外车站西街9号聚京缘酒店一层,,
北京金巧手游艺厅,西文游第12号,,马连道南街2号院8号楼二层,,
北京福丽特联益通电子游艺厅有限公司,西文游第16号,,黄寺大街23号A16,,王海全
北京同一首歌餐饮娱乐有限公司红莲分公司,西文游第22号,,红莲南路28号6-1幢1层2、3层部分,,
北京乐游文化发展有限公司,西文游第24号,,西直门外大街1号西环广场嘉茂购物中心5层,,
北京乐唯乐斯电子娱乐有限公司,延文游2012002,,延庆县延庆镇高塔街58号绿韵购物广场J店,,孟 辉/孟辉
北京动感新意游艺有限公司,延文游2012003,,延庆县延庆镇妫水北街39号1幢H座一层,,辛时建/辛时建
北京聚玩堂电子娱乐有限公司,延文游2012005,,延庆县延庆镇东外大街26号,,张宇/张宇
北京美奇乐娱乐有限公司,延文游2012007,,延庆县延庆镇妫水北街39号1幢H座,,田磊/田磊
北京新都会电子娱乐有限公司,延文游2012008,,延庆县康庄镇兴隆南街1号一层,,田万辉/刘伟
北京快乐谷电子娱乐有限公司,延文游2012009,,北京市延庆县东顺城街13号,,梁伟业/梁伟业
北京梦幻乐园电子游艺有限公司,延文游2015001,,延庆县延庆镇东外大街22号,,赵会芳/赵会芳
北京达兴娱乐中心,重审京兴文娱2011003号,,大兴区黄村镇兴华大街二段72号,大兴区黄村镇兴华大街二段72号,康海涛
